ls: cannot open directory '/dev/vboxusb': Permission denied
ls: cannot open directory '/etc/credstore': Permission denied
ls: cannot open directory '/etc/credstore.encrypted': Permission denied
ls: cannot open directory '/etc/cups/ssl': Permission denied
ls: cannot open directory '/etc/libvirt/secrets': Permission denied
ls: cannot open directory '/etc/polkit-1/rules.d': Permission denied
ls: cannot open directory '/etc/ssl/private': Permission denied
ls: cannot open directory '/lost+found': Permission denied
ls: cannot open directory '/media/root': Permission denied
ls: cannot open directory '/proc/1/fd': Permission denied
ls: cannot open directory '/proc/1/fdinfo': Permission denied
ls: cannot open directory '/proc/1/map_files': Permission denied
ls: cannot open directory '/proc/1/ns': Permission denied
ls: cannot open directory '/proc/1/task/1/fd': Permission denied
ls: cannot open directory '/proc/1/task/1/fdinfo': Permission denied
ls: cannot open directory '/proc/1/task/1/ns': Permission denied
ls: cannot open directory '/proc/101/fd': Permission denied
ls: cannot open directory '/proc/101/fdinfo': Permission denied
ls: cannot open directory '/proc/101/map_files': Permission denied
ls: cannot open directory '/proc/101/ns': Permission denied
ls: cannot open directory '/proc/101/task/101/fd': Permission denied
ls: cannot open directory '/proc/101/task/101/fdinfo': Permission denied
ls: cannot open directory '/proc/101/task/101/ns': Permission denied
ls: cannot open directory '/proc/102/fd': Permission denied
ls: cannot open directory '/proc/102/fdinfo': Permission denied
ls: cannot open directory '/proc/102/map_files': Permission denied
ls: cannot open directory '/proc/102/ns': Permission denied
ls: cannot open directory '/proc/102/task/102/fd': Permission denied
ls: cannot open directory '/proc/102/task/102/fdinfo': Permission denied
ls: cannot open directory '/proc/102/task/102/ns': Permission denied
ls: cannot open directory '/proc/103/fd': Permission denied
ls: cannot open directory '/proc/103/fdinfo': Permission denied
ls: cannot open directory '/proc/103/map_files': Permission denied
ls: cannot open directory '/proc/103/ns': Permission denied
ls: cannot open directory '/proc/103/task/103/fd': Permission denied
ls: cannot open directory '/proc/103/task/103/fdinfo': Permission denied
ls: cannot open directory '/proc/103/task/103/ns': Permission denied
ls: cannot open directory '/proc/104/fd': Permission denied
ls: cannot open directory '/proc/104/fdinfo': Permission denied
ls: cannot open directory '/proc/104/map_files': Permission denied
ls: cannot open directory '/proc/104/ns': Permission denied
ls: cannot open directory '/proc/104/task/104/fd': Permission denied
ls: cannot open directory '/proc/104/task/104/fdinfo': Permission denied
ls: cannot open directory '/proc/104/task/104/ns': Permission denied
ls: cannot open directory '/proc/105/fd': Permission denied
ls: cannot open directory '/proc/105/fdinfo': Permission denied
ls: cannot open directory '/proc/105/map_files': Permission denied
ls: cannot open directory '/proc/105/ns': Permission denied
ls: cannot open directory '/proc/105/task/105/fd': Permission denied
ls: cannot open directory '/proc/105/task/105/fdinfo': Permission denied
ls: cannot open directory '/proc/105/task/105/ns': Permission denied
ls: cannot open directory '/proc/1061/fd': Permission denied
ls: cannot open directory '/proc/1061/fdinfo': Permission denied
ls: cannot open directory '/proc/1061/map_files': Permission denied
ls: cannot open directory '/proc/1061/ns': Permission denied
ls: cannot open directory '/proc/1061/task/1061/fd': Permission denied
ls: cannot open directory '/proc/1061/task/1061/fdinfo': Permission denied
ls: cannot open directory '/proc/1061/task/1061/ns': Permission denied
ls: cannot open directory '/proc/1061/task/1074/fd': Permission denied
ls: cannot open directory '/proc/1061/task/1074/fdinfo': Permission denied
ls: cannot open directory '/proc/1061/task/1074/ns': Permission denied
ls: cannot open directory '/proc/106220/fd': Permission denied
ls: cannot open directory '/proc/106220/fdinfo': Permission denied
ls: cannot open directory '/proc/106220/map_files': Permission denied
ls: cannot open directory '/proc/106220/ns': Permission denied
ls: cannot open directory '/proc/106220/task/106220/fd': Permission denied
ls: cannot open directory '/proc/106220/task/106220/fdinfo': Permission denied
ls: cannot open directory '/proc/106220/task/106220/ns': Permission denied
ls: cannot open directory '/proc/107/fd': Permission denied
ls: cannot open directory '/proc/107/fdinfo': Permission denied
ls: cannot open directory '/proc/107/map_files': Permission denied
ls: cannot open directory '/proc/107/ns': Permission denied
ls: cannot open directory '/proc/107/task/107/fd': Permission denied
ls: cannot open directory '/proc/107/task/107/fdinfo': Permission denied
ls: cannot open directory '/proc/107/task/107/ns': Permission denied
ls: cannot open directory '/proc/108/fd': Permission denied
ls: cannot open directory '/proc/108/fdinfo': Permission denied
ls: cannot open directory '/proc/108/map_files': Permission denied
ls: cannot open directory '/proc/108/ns': Permission denied
ls: cannot open directory '/proc/108/task/108/fd': Permission denied
ls: cannot open directory '/proc/108/task/108/fdinfo': Permission denied
ls: cannot open directory '/proc/108/task/108/ns': Permission denied
ls: cannot open directory '/proc/108408/fd': Permission denied
ls: cannot open directory '/proc/108408/fdinfo': Permission denied
ls: cannot open directory '/proc/108408/map_files': Permission denied
ls: cannot open directory '/proc/108408/ns': Permission denied
ls: cannot open directory '/proc/108408/task/108408/fd': Permission denied
ls: cannot open directory '/proc/108408/task/108408/fdinfo': Permission denied
ls: cannot open directory '/proc/108408/task/108408/ns': Permission denied
ls: cannot open directory '/proc/109/fd': Permission denied
ls: cannot open directory '/proc/109/fdinfo': Permission denied
ls: cannot open directory '/proc/109/map_files': Permission denied
ls: cannot open directory '/proc/109/ns': Permission denied
ls: cannot open directory '/proc/109/task/109/fd': Permission denied
ls: cannot open directory '/proc/109/task/109/fdinfo': Permission denied
ls: cannot open directory '/proc/109/task/109/ns': Permission denied
ls: cannot open directory '/proc/11/fd': Permission denied
ls: cannot open directory '/proc/11/fdinfo': Permission denied
ls: cannot open directory '/proc/11/map_files': Permission denied
ls: cannot open directory '/proc/11/ns': Permission denied
ls: cannot open directory '/proc/11/task/11/fd': Permission denied
ls: cannot open directory '/proc/11/task/11/fdinfo': Permission denied
ls: cannot open directory '/proc/11/task/11/ns': Permission denied
ls: cannot open directory '/proc/110/fd': Permission denied
ls: cannot open directory '/proc/110/fdinfo': Permission denied
ls: cannot open directory '/proc/110/map_files': Permission denied
ls: cannot open directory '/proc/110/ns': Permission denied
ls: cannot open directory '/proc/110/task/110/fd': Permission denied
ls: cannot open directory '/proc/110/task/110/fdinfo': Permission denied
ls: cannot open directory '/proc/110/task/110/ns': Permission denied
ls: cannot open directory '/proc/111/fd': Permission denied
ls: cannot open directory '/proc/111/fdinfo': Permission denied
ls: cannot open directory '/proc/111/map_files': Permission denied
ls: cannot open directory '/proc/111/ns': Permission denied
ls: cannot open directory '/proc/111/task/111/fd': Permission denied
ls: cannot open directory '/proc/111/task/111/fdinfo': Permission denied
ls: cannot open directory '/proc/111/task/111/ns': Permission denied
ls: cannot open directory '/proc/1128/fd': Permission denied
ls: cannot open directory '/proc/1128/fdinfo': Permission denied
ls: cannot open directory '/proc/1128/map_files': Permission denied
ls: cannot open directory '/proc/1128/ns': Permission denied
ls: cannot open directory '/proc/1128/task/1128/fd': Permission denied
ls: cannot open directory '/proc/1128/task/1128/fdinfo': Permission denied
ls: cannot open directory '/proc/1128/task/1128/ns': Permission denied
ls: cannot open directory '/proc/113/fd': Permission denied
ls: cannot open directory '/proc/113/fdinfo': Permission denied
ls: cannot open directory '/proc/113/map_files': Permission denied
ls: cannot open directory '/proc/113/ns': Permission denied
ls: cannot open directory '/proc/113/task/113/fd': Permission denied
ls: cannot open directory '/proc/113/task/113/fdinfo': Permission denied
ls: cannot open directory '/proc/113/task/113/ns': Permission denied
ls: cannot open directory '/proc/1130/fd': Permission denied
ls: cannot open directory '/proc/1130/fdinfo': Permission denied
ls: cannot open directory '/proc/1130/map_files': Permission denied
ls: cannot open directory '/proc/1130/ns': Permission denied
ls: cannot open directory '/proc/1130/task/1130/fd': Permission denied
ls: cannot open directory '/proc/1130/task/1130/fdinfo': Permission denied
ls: cannot open directory '/proc/1130/task/1130/ns': Permission denied
ls: cannot open directory '/proc/1137/fd': Permission denied
ls: cannot open directory '/proc/1137/fdinfo': Permission denied
ls: cannot open directory '/proc/1137/map_files': Permission denied
ls: cannot open directory '/proc/1137/ns': Permission denied
ls: cannot open directory '/proc/1137/task/1137/fd': Permission denied
ls: cannot open directory '/proc/1137/task/1137/fdinfo': Permission denied
ls: cannot open directory '/proc/1137/task/1137/ns': Permission denied
ls: cannot open directory '/proc/1139/fd': Permission denied
ls: cannot open directory '/proc/1139/fdinfo': Permission denied
ls: cannot open directory '/proc/1139/map_files': Permission denied
ls: cannot open directory '/proc/1139/ns': Permission denied
ls: cannot open directory '/proc/1139/task/1139/fd': Permission denied
ls: cannot open directory '/proc/1139/task/1139/fdinfo': Permission denied
ls: cannot open directory '/proc/1139/task/1139/ns': Permission denied
ls: cannot open directory '/proc/114/fd': Permission denied
ls: cannot open directory '/proc/114/fdinfo': Permission denied
ls: cannot open directory '/proc/114/map_files': Permission denied
ls: cannot open directory '/proc/114/ns': Permission denied
ls: cannot open directory '/proc/114/task/114/fd': Permission denied
ls: cannot open directory '/proc/114/task/114/fdinfo': Permission denied
ls: cannot open directory '/proc/114/task/114/ns': Permission denied
ls: cannot open directory '/proc/115/fd': Permission denied
ls: cannot open directory '/proc/115/fdinfo': Permission denied
ls: cannot open directory '/proc/115/map_files': Permission denied
ls: cannot open directory '/proc/115/ns': Permission denied
ls: cannot open directory '/proc/115/task/115/fd': Permission denied
ls: cannot open directory '/proc/115/task/115/fdinfo': Permission denied
ls: cannot open directory '/proc/115/task/115/ns': Permission denied
ls: cannot open directory '/proc/116/fd': Permission denied
ls: cannot open directory '/proc/116/fdinfo': Permission denied
ls: cannot open directory '/proc/116/map_files': Permission denied
ls: cannot open directory '/proc/116/ns': Permission denied
ls: cannot open directory '/proc/116/task/116/fd': Permission denied
ls: cannot open directory '/proc/116/task/116/fdinfo': Permission denied
ls: cannot open directory '/proc/116/task/116/ns': Permission denied
ls: cannot open directory '/proc/117/fd': Permission denied
ls: cannot open directory '/proc/117/fdinfo': Permission denied
ls: cannot open directory '/proc/117/map_files': Permission denied
ls: cannot open directory '/proc/117/ns': Permission denied
ls: cannot open directory '/proc/117/task/117/fd': Permission denied
ls: cannot open directory '/proc/117/task/117/fdinfo': Permission denied
ls: cannot open directory '/proc/117/task/117/ns': Permission denied
ls: cannot open directory '/proc/118258/fd': Permission denied
ls: cannot open directory '/proc/118258/map_files': Permission denied
ls: reading directory '/proc/118258/net': Invalid argument
ls: cannot open directory '/proc/118258/ns': Permission denied
ls: cannot open directory '/proc/118258/task/118258/fd': Permission denied
ls: reading directory '/proc/118258/task/118258/net': Invalid argument
ls: cannot open directory '/proc/118258/task/118258/ns': Permission denied
ls: cannot open directory '/proc/118272/fd': Permission denied
ls: cannot open directory '/proc/118272/map_files': Permission denied
ls: cannot open directory '/proc/118272/ns': Permission denied
ls: cannot open directory '/proc/118272/task/118272/fd': Permission denied
ls: cannot open directory '/proc/118272/task/118272/ns': Permission denied
ls: cannot open directory '/proc/118345/fd': Permission denied
ls: cannot open directory '/proc/118345/map_files': Permission denied
ls: cannot open directory '/proc/118345/ns': Permission denied
ls: cannot open directory '/proc/118345/task/118345/fd': Permission denied
ls: cannot open directory '/proc/118345/task/118345/ns': Permission denied
ls: cannot open directory '/proc/118345/task/118349/fd': Permission denied
ls: cannot open directory '/proc/118345/task/118349/ns': Permission denied
ls: cannot open directory '/proc/118345/task/118350/fd': Permission denied
ls: cannot open directory '/proc/118345/task/118350/ns': Permission denied
ls: cannot open directory '/proc/118345/task/118351/fd': Permission denied
ls: cannot open directory '/proc/118345/task/118351/ns': Permission denied
ls: cannot open directory '/proc/118345/task/118352/fd': Permission denied
ls: cannot open directory '/proc/118345/task/118352/ns': Permission denied
ls: cannot open directory '/proc/118345/task/118353/fd': Permission denied
ls: cannot open directory '/proc/118345/task/118353/ns': Permission denied
ls: cannot open directory '/proc/118345/task/118354/fd': Permission denied
ls: cannot open directory '/proc/118345/task/118354/ns': Permission denied
ls: cannot open directory '/proc/118345/task/118355/fd': Permission denied
ls: cannot open directory '/proc/118345/task/118355/ns': Permission denied
ls: cannot open directory '/proc/119/fd': Permission denied
ls: cannot open directory '/proc/119/fdinfo': Permission denied
ls: cannot open directory '/proc/119/map_files': Permission denied
ls: cannot open directory '/proc/119/ns': Permission denied
ls: cannot open directory '/proc/119/task/119/fd': Permission denied
ls: cannot open directory '/proc/119/task/119/fdinfo': Permission denied
ls: cannot open directory '/proc/119/task/119/ns': Permission denied
ls: cannot open directory '/proc/121/fd': Permission denied
ls: cannot open directory '/proc/121/fdinfo': Permission denied
ls: cannot open directory '/proc/121/map_files': Permission denied
ls: cannot open directory '/proc/121/ns': Permission denied
ls: cannot open directory '/proc/121/task/121/fd': Permission denied
ls: cannot open directory '/proc/121/task/121/fdinfo': Permission denied
ls: cannot open directory '/proc/121/task/121/ns': Permission denied
ls: cannot open directory '/proc/121137/fd': Permission denied
ls: cannot open directory '/proc/121137/fdinfo': Permission denied
ls: cannot open directory '/proc/121137/map_files': Permission denied
ls: cannot open directory '/proc/121137/ns': Permission denied
ls: cannot open directory '/proc/121137/task/121137/fd': Permission denied
ls: cannot open directory '/proc/121137/task/121137/fdinfo': Permission denied
ls: cannot open directory '/proc/121137/task/121137/ns': Permission denied
ls: cannot open directory '/proc/122/fd': Permission denied
ls: cannot open directory '/proc/122/fdinfo': Permission denied
ls: cannot open directory '/proc/122/map_files': Permission denied
ls: cannot open directory '/proc/122/ns': Permission denied
ls: cannot open directory '/proc/122/task/122/fd': Permission denied
ls: cannot open directory '/proc/122/task/122/fdinfo': Permission denied
ls: cannot open directory '/proc/122/task/122/ns': Permission denied
ls: cannot open directory '/proc/123/fd': Permission denied
ls: cannot open directory '/proc/123/fdinfo': Permission denied
ls: cannot open directory '/proc/123/map_files': Permission denied
ls: cannot open directory '/proc/123/ns': Permission denied
ls: cannot open directory '/proc/123/task/123/fd': Permission denied
ls: cannot open directory '/proc/123/task/123/fdinfo': Permission denied
ls: cannot open directory '/proc/123/task/123/ns': Permission denied
ls: cannot open directory '/proc/124/fd': Permission denied
ls: cannot open directory '/proc/124/fdinfo': Permission denied
ls: cannot open directory '/proc/124/map_files': Permission denied
ls: cannot open directory '/proc/124/ns': Permission denied
ls: cannot open directory '/proc/124/task/124/fd': Permission denied
ls: cannot open directory '/proc/124/task/124/fdinfo': Permission denied
ls: cannot open directory '/proc/124/task/124/ns': Permission denied
ls: cannot open directory '/proc/1246/fd': Permission denied
ls: cannot open directory '/proc/1246/fdinfo': Permission denied
ls: cannot open directory '/proc/1246/map_files': Permission denied
ls: cannot open directory '/proc/1246/ns': Permission denied
ls: cannot open directory '/proc/1246/task/1246/fd': Permission denied
ls: cannot open directory '/proc/1246/task/1246/fdinfo': Permission denied
ls: cannot open directory '/proc/1246/task/1246/ns': Permission denied
ls: cannot open directory '/proc/1247/fd': Permission denied
ls: cannot open directory '/proc/1247/fdinfo': Permission denied
ls: cannot open directory '/proc/1247/map_files': Permission denied
ls: cannot open directory '/proc/1247/ns': Permission denied
ls: cannot open directory '/proc/1247/task/1247/fd': Permission denied
ls: cannot open directory '/proc/1247/task/1247/fdinfo': Permission denied
ls: cannot open directory '/proc/1247/task/1247/ns': Permission denied
ls: cannot open directory '/proc/1248/fd': Permission denied
ls: cannot open directory '/proc/1248/fdinfo': Permission denied
ls: cannot open directory '/proc/1248/map_files': Permission denied
ls: cannot open directory '/proc/1248/ns': Permission denied
ls: cannot open directory '/proc/1248/task/1248/fd': Permission denied
ls: cannot open directory '/proc/1248/task/1248/fdinfo': Permission denied
ls: cannot open directory '/proc/1248/task/1248/ns': Permission denied
ls: cannot open directory '/proc/125/fd': Permission denied
ls: cannot open directory '/proc/125/fdinfo': Permission denied
ls: cannot open directory '/proc/125/map_files': Permission denied
ls: cannot open directory '/proc/125/ns': Permission denied
ls: cannot open directory '/proc/125/task/125/fd': Permission denied
ls: cannot open directory '/proc/125/task/125/fdinfo': Permission denied
ls: cannot open directory '/proc/125/task/125/ns': Permission denied
ls: cannot open directory '/proc/126/fd': Permission denied
ls: cannot open directory '/proc/126/fdinfo': Permission denied
ls: cannot open directory '/proc/126/map_files': Permission denied
ls: cannot open directory '/proc/126/ns': Permission denied
ls: cannot open directory '/proc/126/task/126/fd': Permission denied
ls: cannot open directory '/proc/126/task/126/fdinfo': Permission denied
ls: cannot open directory '/proc/126/task/126/ns': Permission denied
ls: cannot open directory '/proc/127/fd': Permission denied
ls: cannot open directory '/proc/127/fdinfo': Permission denied
ls: cannot open directory '/proc/127/map_files': Permission denied
ls: cannot open directory '/proc/127/ns': Permission denied
ls: cannot open directory '/proc/127/task/127/fd': Permission denied
ls: cannot open directory '/proc/127/task/127/fdinfo': Permission denied
ls: cannot open directory '/proc/127/task/127/ns': Permission denied
ls: cannot open directory '/proc/128/fd': Permission denied
ls: cannot open directory '/proc/128/fdinfo': Permission denied
ls: cannot open directory '/proc/128/map_files': Permission denied
ls: cannot open directory '/proc/128/ns': Permission denied
ls: cannot open directory '/proc/128/task/128/fd': Permission denied
ls: cannot open directory '/proc/128/task/128/fdinfo': Permission denied
ls: cannot open directory '/proc/128/task/128/ns': Permission denied
ls: cannot open directory '/proc/13/fd': Permission denied
ls: cannot open directory '/proc/13/fdinfo': Permission denied
ls: cannot open directory '/proc/13/map_files': Permission denied
ls: cannot open directory '/proc/13/ns': Permission denied
ls: cannot open directory '/proc/13/task/13/fd': Permission denied
ls: cannot open directory '/proc/13/task/13/fdinfo': Permission denied
ls: cannot open directory '/proc/13/task/13/ns': Permission denied
ls: cannot open directory '/proc/131/fd': Permission denied
ls: cannot open directory '/proc/131/fdinfo': Permission denied
ls: cannot open directory '/proc/131/map_files': Permission denied
ls: cannot open directory '/proc/131/ns': Permission denied
ls: cannot open directory '/proc/131/task/131/fd': Permission denied
ls: cannot open directory '/proc/131/task/131/fdinfo': Permission denied
ls: cannot open directory '/proc/131/task/131/ns': Permission denied
ls: cannot open directory '/proc/132/fd': Permission denied
ls: cannot open directory '/proc/132/fdinfo': Permission denied
ls: cannot open directory '/proc/132/map_files': Permission denied
ls: cannot open directory '/proc/132/ns': Permission denied
ls: cannot open directory '/proc/132/task/132/fd': Permission denied
ls: cannot open directory '/proc/132/task/132/fdinfo': Permission denied
ls: cannot open directory '/proc/132/task/132/ns': Permission denied
ls: cannot open directory '/proc/133/fd': Permission denied
ls: cannot open directory '/proc/133/fdinfo': Permission denied
ls: cannot open directory '/proc/133/map_files': Permission denied
ls: cannot open directory '/proc/133/ns': Permission denied
ls: cannot open directory '/proc/133/task/133/fd': Permission denied
ls: cannot open directory '/proc/133/task/133/fdinfo': Permission denied
ls: cannot open directory '/proc/133/task/133/ns': Permission denied
ls: cannot open directory '/proc/134/fd': Permission denied
ls: cannot open directory '/proc/134/fdinfo': Permission denied
ls: cannot open directory '/proc/134/map_files': Permission denied
ls: cannot open directory '/proc/134/ns': Permission denied
ls: cannot open directory '/proc/134/task/134/fd': Permission denied
ls: cannot open directory '/proc/134/task/134/fdinfo': Permission denied
ls: cannot open directory '/proc/134/task/134/ns': Permission denied
ls: cannot open directory '/proc/134474/fd': Permission denied
ls: cannot open directory '/proc/134474/fdinfo': Permission denied
ls: cannot open directory '/proc/134474/map_files': Permission denied
ls: cannot open directory '/proc/134474/ns': Permission denied
ls: cannot open directory '/proc/134474/task/134474/fd': Permission denied
ls: cannot open directory '/proc/134474/task/134474/fdinfo': Permission denied
ls: cannot open directory '/proc/134474/task/134474/ns': Permission denied
ls: cannot open directory '/proc/135/fd': Permission denied
ls: cannot open directory '/proc/135/fdinfo': Permission denied
ls: cannot open directory '/proc/135/map_files': Permission denied
ls: cannot open directory '/proc/135/ns': Permission denied
ls: cannot open directory '/proc/135/task/135/fd': Permission denied
ls: cannot open directory '/proc/135/task/135/fdinfo': Permission denied
ls: cannot open directory '/proc/135/task/135/ns': Permission denied
ls: cannot open directory '/proc/136/fd': Permission denied
ls: cannot open directory '/proc/136/fdinfo': Permission denied
ls: cannot open directory '/proc/136/map_files': Permission denied
ls: cannot open directory '/proc/136/ns': Permission denied
ls: cannot open directory '/proc/136/task/136/fd': Permission denied
ls: cannot open directory '/proc/136/task/136/fdinfo': Permission denied
ls: cannot open directory '/proc/136/task/136/ns': Permission denied
ls: cannot open directory '/proc/137/fd': Permission denied
ls: cannot open directory '/proc/137/fdinfo': Permission denied
ls: cannot open directory '/proc/137/map_files': Permission denied
ls: cannot open directory '/proc/137/ns': Permission denied
ls: cannot open directory '/proc/137/task/137/fd': Permission denied
ls: cannot open directory '/proc/137/task/137/fdinfo': Permission denied
ls: cannot open directory '/proc/137/task/137/ns': Permission denied
ls: cannot open directory '/proc/138/fd': Permission denied
ls: cannot open directory '/proc/138/fdinfo': Permission denied
ls: cannot open directory '/proc/138/map_files': Permission denied
ls: cannot open directory '/proc/138/ns': Permission denied
ls: cannot open directory '/proc/138/task/138/fd': Permission denied
ls: cannot open directory '/proc/138/task/138/fdinfo': Permission denied
ls: cannot open directory '/proc/138/task/138/ns': Permission denied
ls: cannot open directory '/proc/139/fd': Permission denied
ls: cannot open directory '/proc/139/fdinfo': Permission denied
ls: cannot open directory '/proc/139/map_files': Permission denied
ls: cannot open directory '/proc/139/ns': Permission denied
ls: cannot open directory '/proc/139/task/139/fd': Permission denied
ls: cannot open directory '/proc/139/task/139/fdinfo': Permission denied
ls: cannot open directory '/proc/139/task/139/ns': Permission denied
ls: cannot open directory '/proc/14/fd': Permission denied
ls: cannot open directory '/proc/14/fdinfo': Permission denied
ls: cannot open directory '/proc/14/map_files': Permission denied
ls: cannot open directory '/proc/14/ns': Permission denied
ls: cannot open directory '/proc/14/task/14/fd': Permission denied
ls: cannot open directory '/proc/14/task/14/fdinfo': Permission denied
ls: cannot open directory '/proc/14/task/14/ns': Permission denied
ls: cannot open directory '/proc/140/fd': Permission denied
ls: cannot open directory '/proc/140/fdinfo': Permission denied
ls: cannot open directory '/proc/140/map_files': Permission denied
ls: cannot open directory '/proc/140/ns': Permission denied
ls: cannot open directory '/proc/140/task/140/fd': Permission denied
ls: cannot open directory '/proc/140/task/140/fdinfo': Permission denied
ls: cannot open directory '/proc/140/task/140/ns': Permission denied
ls: cannot open directory '/proc/141/fd': Permission denied
ls: cannot open directory '/proc/141/fdinfo': Permission denied
ls: cannot open directory '/proc/141/map_files': Permission denied
ls: cannot open directory '/proc/141/ns': Permission denied
ls: cannot open directory '/proc/141/task/141/fd': Permission denied
ls: cannot open directory '/proc/141/task/141/fdinfo': Permission denied
ls: cannot open directory '/proc/141/task/141/ns': Permission denied
ls: cannot open directory '/proc/143/fd': Permission denied
ls: cannot open directory '/proc/143/fdinfo': Permission denied
ls: cannot open directory '/proc/143/map_files': Permission denied
ls: cannot open directory '/proc/143/ns': Permission denied
ls: cannot open directory '/proc/143/task/143/fd': Permission denied
ls: cannot open directory '/proc/143/task/143/fdinfo': Permission denied
ls: cannot open directory '/proc/143/task/143/ns': Permission denied
ls: cannot open directory '/proc/143699/fd': Permission denied
ls: cannot open directory '/proc/143699/fdinfo': Permission denied
ls: cannot open directory '/proc/143699/map_files': Permission denied
ls: cannot open directory '/proc/143699/ns': Permission denied
ls: cannot open directory '/proc/143699/task/143699/fd': Permission denied
ls: cannot open directory '/proc/143699/task/143699/fdinfo': Permission denied
ls: cannot open directory '/proc/143699/task/143699/ns': Permission denied
ls: cannot open directory '/proc/144/fd': Permission denied
ls: cannot open directory '/proc/144/fdinfo': Permission denied
ls: cannot open directory '/proc/144/map_files': Permission denied
ls: cannot open directory '/proc/144/ns': Permission denied
ls: cannot open directory '/proc/144/task/144/fd': Permission denied
ls: cannot open directory '/proc/144/task/144/fdinfo': Permission denied
ls: cannot open directory '/proc/144/task/144/ns': Permission denied
ls: cannot open directory '/proc/144567/fd': Permission denied
ls: cannot open directory '/proc/144567/fdinfo': Permission denied
ls: cannot open directory '/proc/144567/map_files': Permission denied
ls: cannot open directory '/proc/144567/ns': Permission denied
ls: cannot open directory '/proc/144567/task/144567/fd': Permission denied
ls: cannot open directory '/proc/144567/task/144567/fdinfo': Permission denied
ls: cannot open directory '/proc/144567/task/144567/ns': Permission denied
ls: cannot open directory '/proc/145/fd': Permission denied
ls: cannot open directory '/proc/145/fdinfo': Permission denied
ls: cannot open directory '/proc/145/map_files': Permission denied
ls: cannot open directory '/proc/145/ns': Permission denied
ls: cannot open directory '/proc/145/task/145/fd': Permission denied
ls: cannot open directory '/proc/145/task/145/fdinfo': Permission denied
ls: cannot open directory '/proc/145/task/145/ns': Permission denied
ls: cannot open directory '/proc/146/fd': Permission denied
ls: cannot open directory '/proc/146/fdinfo': Permission denied
ls: cannot open directory '/proc/146/map_files': Permission denied
ls: cannot open directory '/proc/146/ns': Permission denied
ls: cannot open directory '/proc/146/task/146/fd': Permission denied
ls: cannot open directory '/proc/146/task/146/fdinfo': Permission denied
ls: cannot open directory '/proc/146/task/146/ns': Permission denied
ls: cannot open directory '/proc/147/fd': Permission denied
ls: cannot open directory '/proc/147/fdinfo': Permission denied
ls: cannot open directory '/proc/147/map_files': Permission denied
ls: cannot open directory '/proc/147/ns': Permission denied
ls: cannot open directory '/proc/147/task/147/fd': Permission denied
ls: cannot open directory '/proc/147/task/147/fdinfo': Permission denied
ls: cannot open directory '/proc/147/task/147/ns': Permission denied
ls: cannot open directory '/proc/15/fd': Permission denied
ls: cannot open directory '/proc/15/fdinfo': Permission denied
ls: cannot open directory '/proc/15/map_files': Permission denied
ls: cannot open directory '/proc/15/ns': Permission denied
ls: cannot open directory '/proc/15/task/15/fd': Permission denied
ls: cannot open directory '/proc/15/task/15/fdinfo': Permission denied
ls: cannot open directory '/proc/15/task/15/ns': Permission denied
ls: cannot open directory '/proc/151/fd': Permission denied
ls: cannot open directory '/proc/151/fdinfo': Permission denied
ls: cannot open directory '/proc/151/map_files': Permission denied
ls: cannot open directory '/proc/151/ns': Permission denied
ls: cannot open directory '/proc/151/task/151/fd': Permission denied
ls: cannot open directory '/proc/151/task/151/fdinfo': Permission denied
ls: cannot open directory '/proc/151/task/151/ns': Permission denied
ls: cannot open directory '/proc/152/fd': Permission denied
ls: cannot open directory '/proc/152/fdinfo': Permission denied
ls: cannot open directory '/proc/152/map_files': Permission denied
ls: cannot open directory '/proc/152/ns': Permission denied
ls: cannot open directory '/proc/152/task/152/fd': Permission denied
ls: cannot open directory '/proc/152/task/152/fdinfo': Permission denied
ls: cannot open directory '/proc/152/task/152/ns': Permission denied
ls: cannot open directory '/proc/154/fd': Permission denied
ls: cannot open directory '/proc/154/fdinfo': Permission denied
ls: cannot open directory '/proc/154/map_files': Permission denied
ls: cannot open directory '/proc/154/ns': Permission denied
ls: cannot open directory '/proc/154/task/154/fd': Permission denied
ls: cannot open directory '/proc/154/task/154/fdinfo': Permission denied
ls: cannot open directory '/proc/154/task/154/ns': Permission denied
ls: cannot open directory '/proc/1556/fd': Permission denied
ls: cannot open directory '/proc/1556/fdinfo': Permission denied
ls: cannot open directory '/proc/1556/map_files': Permission denied
ls: cannot open directory '/proc/1556/ns': Permission denied
ls: cannot open directory '/proc/1556/task/1556/fd': Permission denied
ls: cannot open directory '/proc/1556/task/1556/fdinfo': Permission denied
ls: cannot open directory '/proc/1556/task/1556/ns': Permission denied
ls: cannot open directory '/proc/1556/task/1614/fd': Permission denied
ls: cannot open directory '/proc/1556/task/1614/fdinfo': Permission denied
ls: cannot open directory '/proc/1556/task/1614/ns': Permission denied
ls: cannot open directory '/proc/1556/task/1616/fd': Permission denied
ls: cannot open directory '/proc/1556/task/1616/fdinfo': Permission denied
ls: cannot open directory '/proc/1556/task/1616/ns': Permission denied
ls: cannot open directory '/proc/1556/task/1693/fd': Permission denied
ls: cannot open directory '/proc/1556/task/1693/fdinfo': Permission denied
ls: cannot open directory '/proc/1556/task/1693/ns': Permission denied
ls: cannot open directory '/proc/1559/fd': Permission denied
ls: cannot open directory '/proc/1559/fdinfo': Permission denied
ls: cannot open directory '/proc/1559/map_files': Permission denied
ls: cannot open directory '/proc/1559/ns': Permission denied
ls: cannot open directory '/proc/1559/task/1559/fd': Permission denied
ls: cannot open directory '/proc/1559/task/1559/fdinfo': Permission denied
ls: cannot open directory '/proc/1559/task/1559/ns': Permission denied
ls: cannot open directory '/proc/1560/fd': Permission denied
ls: cannot open directory '/proc/1560/fdinfo': Permission denied
ls: cannot open directory '/proc/1560/map_files': Permission denied
ls: cannot open directory '/proc/1560/ns': Permission denied
ls: cannot open directory '/proc/1560/task/1560/fd': Permission denied
ls: cannot open directory '/proc/1560/task/1560/fdinfo': Permission denied
ls: cannot open directory '/proc/1560/task/1560/ns': Permission denied
ls: cannot open directory '/proc/1561/fd': Permission denied
ls: cannot open directory '/proc/1561/fdinfo': Permission denied
ls: cannot open directory '/proc/1561/map_files': Permission denied
ls: cannot open directory '/proc/1561/ns': Permission denied
ls: cannot open directory '/proc/1561/task/1561/fd': Permission denied
ls: cannot open directory '/proc/1561/task/1561/fdinfo': Permission denied
ls: cannot open directory '/proc/1561/task/1561/ns': Permission denied
ls: cannot open directory '/proc/1562/fd': Permission denied
ls: cannot open directory '/proc/1562/fdinfo': Permission denied
ls: cannot open directory '/proc/1562/map_files': Permission denied
ls: cannot open directory '/proc/1562/ns': Permission denied
ls: cannot open directory '/proc/1562/task/1562/fd': Permission denied
ls: cannot open directory '/proc/1562/task/1562/fdinfo': Permission denied
ls: cannot open directory '/proc/1562/task/1562/ns': Permission denied
ls: cannot open directory '/proc/1567/fd': Permission denied
ls: cannot open directory '/proc/1567/fdinfo': Permission denied
ls: cannot open directory '/proc/1567/map_files': Permission denied
ls: cannot open directory '/proc/1567/ns': Permission denied
ls: cannot open directory '/proc/1567/task/1567/fd': Permission denied
ls: cannot open directory '/proc/1567/task/1567/fdinfo': Permission denied
ls: cannot open directory '/proc/1567/task/1567/ns': Permission denied
ls: cannot open directory '/proc/1570/fd': Permission denied
ls: cannot open directory '/proc/1570/fdinfo': Permission denied
ls: cannot open directory '/proc/1570/map_files': Permission denied
ls: cannot open directory '/proc/1570/ns': Permission denied
ls: cannot open directory '/proc/1570/task/1570/fd': Permission denied
ls: cannot open directory '/proc/1570/task/1570/fdinfo': Permission denied
ls: cannot open directory '/proc/1570/task/1570/ns': Permission denied
ls: cannot open directory '/proc/1570/task/1651/fd': Permission denied
ls: cannot open directory '/proc/1570/task/1651/fdinfo': Permission denied
ls: cannot open directory '/proc/1570/task/1651/ns': Permission denied
ls: cannot open directory '/proc/1570/task/1661/fd': Permission denied
ls: cannot open directory '/proc/1570/task/1661/fdinfo': Permission denied
ls: cannot open directory '/proc/1570/task/1661/ns': Permission denied
ls: cannot open directory '/proc/1570/task/1695/fd': Permission denied
ls: cannot open directory '/proc/1570/task/1695/fdinfo': Permission denied
ls: cannot open directory '/proc/1570/task/1695/ns': Permission denied
ls: cannot open directory '/proc/1573/fd': Permission denied
ls: cannot open directory '/proc/1573/fdinfo': Permission denied
ls: cannot open directory '/proc/1573/map_files': Permission denied
ls: cannot open directory '/proc/1573/ns': Permission denied
ls: cannot open directory '/proc/1573/task/1573/fd': Permission denied
ls: cannot open directory '/proc/1573/task/1573/fdinfo': Permission denied
ls: cannot open directory '/proc/1573/task/1573/ns': Permission denied
ls: cannot open directory '/proc/1573/task/1615/fd': Permission denied
ls: cannot open directory '/proc/1573/task/1615/fdinfo': Permission denied
ls: cannot open directory '/proc/1573/task/1615/ns': Permission denied
ls: cannot open directory '/proc/1573/task/1617/fd': Permission denied
ls: cannot open directory '/proc/1573/task/1617/fdinfo': Permission denied
ls: cannot open directory '/proc/1573/task/1617/ns': Permission denied
ls: cannot open directory '/proc/1573/task/1696/fd': Permission denied
ls: cannot open directory '/proc/1573/task/1696/fdinfo': Permission denied
ls: cannot open directory '/proc/1573/task/1696/ns': Permission denied
ls: cannot open directory '/proc/1577/fd': Permission denied
ls: cannot open directory '/proc/1577/fdinfo': Permission denied
ls: cannot open directory '/proc/1577/map_files': Permission denied
ls: cannot open directory '/proc/1577/ns': Permission denied
ls: cannot open directory '/proc/1577/task/1577/fd': Permission denied
ls: cannot open directory '/proc/1577/task/1577/fdinfo': Permission denied
ls: cannot open directory '/proc/1577/task/1577/ns': Permission denied
ls: cannot open directory '/proc/1582/fd': Permission denied
ls: cannot open directory '/proc/1582/fdinfo': Permission denied
ls: cannot open directory '/proc/1582/map_files': Permission denied
ls: cannot open directory '/proc/1582/ns': Permission denied
ls: cannot open directory '/proc/1582/task/14139/fd': Permission denied
ls: cannot open directory '/proc/1582/task/14139/fdinfo': Permission denied
ls: cannot open directory '/proc/1582/task/14139/ns': Permission denied
ls: cannot open directory '/proc/1582/task/1582/fd': Permission denied
ls: cannot open directory '/proc/1582/task/1582/fdinfo': Permission denied
ls: cannot open directory '/proc/1582/task/1582/ns': Permission denied
ls: cannot open directory '/proc/1582/task/1637/fd': Permission denied
ls: cannot open directory '/proc/1582/task/1637/fdinfo': Permission denied
ls: cannot open directory '/proc/1582/task/1637/ns': Permission denied
ls: cannot open directory '/proc/1582/task/1643/fd': Permission denied
ls: cannot open directory '/proc/1582/task/1643/fdinfo': Permission denied
ls: cannot open directory '/proc/1582/task/1643/ns': Permission denied
ls: cannot open directory '/proc/1582/task/1644/fd': Permission denied
ls: cannot open directory '/proc/1582/task/1644/fdinfo': Permission denied
ls: cannot open directory '/proc/1582/task/1644/ns': Permission denied
ls: cannot open directory '/proc/1582/task/1645/fd': Permission denied
ls: cannot open directory '/proc/1582/task/1645/fdinfo': Permission denied
ls: cannot open directory '/proc/1582/task/1645/ns': Permission denied
ls: cannot open directory '/proc/1582/task/1663/fd': Permission denied
ls: cannot open directory '/proc/1582/task/1663/fdinfo': Permission denied
ls: cannot open directory '/proc/1582/task/1663/ns': Permission denied
ls: cannot open directory '/proc/1582/task/1732/fd': Permission denied
ls: cannot open directory '/proc/1582/task/1732/fdinfo': Permission denied
ls: cannot open directory '/proc/1582/task/1732/ns': Permission denied
ls: cannot open directory '/proc/1582/task/1733/fd': Permission denied
ls: cannot open directory '/proc/1582/task/1733/fdinfo': Permission denied
ls: cannot open directory '/proc/1582/task/1733/ns': Permission denied
ls: cannot open directory '/proc/1582/task/1735/fd': Permission denied
ls: cannot open directory '/proc/1582/task/1735/fdinfo': Permission denied
ls: cannot open directory '/proc/1582/task/1735/ns': Permission denied
ls: cannot open directory '/proc/1582/task/1749/fd': Permission denied
ls: cannot open directory '/proc/1582/task/1749/fdinfo': Permission denied
ls: cannot open directory '/proc/1582/task/1749/ns': Permission denied
ls: cannot open directory '/proc/1582/task/1787/fd': Permission denied
ls: cannot open directory '/proc/1582/task/1787/fdinfo': Permission denied
ls: cannot open directory '/proc/1582/task/1787/ns': Permission denied
ls: cannot open directory '/proc/1582/task/1788/fd': Permission denied
ls: cannot open directory '/proc/1582/task/1788/fdinfo': Permission denied
ls: cannot open directory '/proc/1582/task/1788/ns': Permission denied
ls: cannot open directory '/proc/1582/task/1789/fd': Permission denied
ls: cannot open directory '/proc/1582/task/1789/fdinfo': Permission denied
ls: cannot open directory '/proc/1582/task/1789/ns': Permission denied
ls: cannot open directory '/proc/1582/task/1794/fd': Permission denied
ls: cannot open directory '/proc/1582/task/1794/fdinfo': Permission denied
ls: cannot open directory '/proc/1582/task/1794/ns': Permission denied
ls: cannot open directory '/proc/1582/task/1851/fd': Permission denied
ls: cannot open directory '/proc/1582/task/1851/fdinfo': Permission denied
ls: cannot open directory '/proc/1582/task/1851/ns': Permission denied
ls: cannot open directory '/proc/1582/task/1852/fd': Permission denied
ls: cannot open directory '/proc/1582/task/1852/fdinfo': Permission denied
ls: cannot open directory '/proc/1582/task/1852/ns': Permission denied
ls: cannot open directory '/proc/1582/task/1855/fd': Permission denied
ls: cannot open directory '/proc/1582/task/1855/fdinfo': Permission denied
ls: cannot open directory '/proc/1582/task/1855/ns': Permission denied
ls: cannot open directory '/proc/1582/task/1874/fd': Permission denied
ls: cannot open directory '/proc/1582/task/1874/fdinfo': Permission denied
ls: cannot open directory '/proc/1582/task/1874/ns': Permission denied
ls: cannot open directory '/proc/1582/task/1875/fd': Permission denied
ls: cannot open directory '/proc/1582/task/1875/fdinfo': Permission denied
ls: cannot open directory '/proc/1582/task/1875/ns': Permission denied
ls: cannot open directory '/proc/1582/task/1876/fd': Permission denied
ls: cannot open directory '/proc/1582/task/1876/fdinfo': Permission denied
ls: cannot open directory '/proc/1582/task/1876/ns': Permission denied
ls: cannot open directory '/proc/1582/task/1887/fd': Permission denied
ls: cannot open directory '/proc/1582/task/1887/fdinfo': Permission denied
ls: cannot open directory '/proc/1582/task/1887/ns': Permission denied
ls: cannot open directory '/proc/1582/task/1909/fd': Permission denied
ls: cannot open directory '/proc/1582/task/1909/fdinfo': Permission denied
ls: cannot open directory '/proc/1582/task/1909/ns': Permission denied
ls: cannot open directory '/proc/1583/fd': Permission denied
ls: cannot open directory '/proc/1583/fdinfo': Permission denied
ls: cannot open directory '/proc/1583/map_files': Permission denied
ls: cannot open directory '/proc/1583/ns': Permission denied
ls: cannot open directory '/proc/1583/task/1583/fd': Permission denied
ls: cannot open directory '/proc/1583/task/1583/fdinfo': Permission denied
ls: cannot open directory '/proc/1583/task/1583/ns': Permission denied
ls: cannot open directory '/proc/1585/fd': Permission denied
ls: cannot open directory '/proc/1585/fdinfo': Permission denied
ls: cannot open directory '/proc/1585/map_files': Permission denied
ls: cannot open directory '/proc/1585/ns': Permission denied
ls: cannot open directory '/proc/1585/task/1585/fd': Permission denied
ls: cannot open directory '/proc/1585/task/1585/fdinfo': Permission denied
ls: cannot open directory '/proc/1585/task/1585/ns': Permission denied
ls: cannot open directory '/proc/1585/task/1618/fd': Permission denied
ls: cannot open directory '/proc/1585/task/1618/fdinfo': Permission denied
ls: cannot open directory '/proc/1585/task/1618/ns': Permission denied
ls: cannot open directory '/proc/1585/task/1619/fd': Permission denied
ls: cannot open directory '/proc/1585/task/1619/fdinfo': Permission denied
ls: cannot open directory '/proc/1585/task/1619/ns': Permission denied
ls: cannot open directory '/proc/1585/task/1692/fd': Permission denied
ls: cannot open directory '/proc/1585/task/1692/fdinfo': Permission denied
ls: cannot open directory '/proc/1585/task/1692/ns': Permission denied
ls: cannot open directory '/proc/1591/fd': Permission denied
ls: cannot open directory '/proc/1591/fdinfo': Permission denied
ls: cannot open directory '/proc/1591/map_files': Permission denied
ls: cannot open directory '/proc/1591/ns': Permission denied
ls: cannot open directory '/proc/1591/task/1591/fd': Permission denied
ls: cannot open directory '/proc/1591/task/1591/fdinfo': Permission denied
ls: cannot open directory '/proc/1591/task/1591/ns': Permission denied
ls: cannot open directory '/proc/1593/fd': Permission denied
ls: cannot open directory '/proc/1593/fdinfo': Permission denied
ls: cannot open directory '/proc/1593/map_files': Permission denied
ls: cannot open directory '/proc/1593/ns': Permission denied
ls: cannot open directory '/proc/1593/task/1593/fd': Permission denied
ls: cannot open directory '/proc/1593/task/1593/fdinfo': Permission denied
ls: cannot open directory '/proc/1593/task/1593/ns': Permission denied
ls: cannot open directory '/proc/1595/fd': Permission denied
ls: cannot open directory '/proc/1595/fdinfo': Permission denied
ls: cannot open directory '/proc/1595/map_files': Permission denied
ls: cannot open directory '/proc/1595/ns': Permission denied
ls: cannot open directory '/proc/1595/task/1595/fd': Permission denied
ls: cannot open directory '/proc/1595/task/1595/fdinfo': Permission denied
ls: cannot open directory '/proc/1595/task/1595/ns': Permission denied
ls: cannot open directory '/proc/1595/task/1628/fd': Permission denied
ls: cannot open directory '/proc/1595/task/1628/fdinfo': Permission denied
ls: cannot open directory '/proc/1595/task/1628/ns': Permission denied
ls: cannot open directory '/proc/1595/task/1631/fd': Permission denied
ls: cannot open directory '/proc/1595/task/1631/fdinfo': Permission denied
ls: cannot open directory '/proc/1595/task/1631/ns': Permission denied
ls: cannot open directory '/proc/1595/task/1694/fd': Permission denied
ls: cannot open directory '/proc/1595/task/1694/fdinfo': Permission denied
ls: cannot open directory '/proc/1595/task/1694/ns': Permission denied
ls: cannot open directory '/proc/1595/task/1737/fd': Permission denied
ls: cannot open directory '/proc/1595/task/1737/fdinfo': Permission denied
ls: cannot open directory '/proc/1595/task/1737/ns': Permission denied
ls: cannot open directory '/proc/1595/task/1786/fd': Permission denied
ls: cannot open directory '/proc/1595/task/1786/fdinfo': Permission denied
ls: cannot open directory '/proc/1595/task/1786/ns': Permission denied
ls: cannot open directory '/proc/1596/fd': Permission denied
ls: cannot open directory '/proc/1596/fdinfo': Permission denied
ls: cannot open directory '/proc/1596/map_files': Permission denied
ls: cannot open directory '/proc/1596/ns': Permission denied
ls: cannot open directory '/proc/1596/task/1596/fd': Permission denied
ls: cannot open directory '/proc/1596/task/1596/fdinfo': Permission denied
ls: cannot open directory '/proc/1596/task/1596/ns': Permission denied
ls: cannot open directory '/proc/1597/fd': Permission denied
ls: cannot open directory '/proc/1597/fdinfo': Permission denied
ls: cannot open directory '/proc/1597/map_files': Permission denied
ls: cannot open directory '/proc/1597/ns': Permission denied
ls: cannot open directory '/proc/1597/task/1597/fd': Permission denied
ls: cannot open directory '/proc/1597/task/1597/fdinfo': Permission denied
ls: cannot open directory '/proc/1597/task/1597/ns': Permission denied
ls: cannot open directory '/proc/16/fd': Permission denied
ls: cannot open directory '/proc/16/fdinfo': Permission denied
ls: cannot open directory '/proc/16/map_files': Permission denied
ls: cannot open directory '/proc/16/ns': Permission denied
ls: cannot open directory '/proc/16/task/16/fd': Permission denied
ls: cannot open directory '/proc/16/task/16/fdinfo': Permission denied
ls: cannot open directory '/proc/16/task/16/ns': Permission denied
ls: cannot open directory '/proc/1601/fd': Permission denied
ls: cannot open directory '/proc/1601/fdinfo': Permission denied
ls: cannot open directory '/proc/1601/map_files': Permission denied
ls: cannot open directory '/proc/1601/ns': Permission denied
ls: cannot open directory '/proc/1601/task/1601/fd': Permission denied
ls: cannot open directory '/proc/1601/task/1601/fdinfo': Permission denied
ls: cannot open directory '/proc/1601/task/1601/ns': Permission denied
ls: cannot open directory '/proc/161/fd': Permission denied
ls: cannot open directory '/proc/161/fdinfo': Permission denied
ls: cannot open directory '/proc/161/map_files': Permission denied
ls: cannot open directory '/proc/161/ns': Permission denied
ls: cannot open directory '/proc/161/task/161/fd': Permission denied
ls: cannot open directory '/proc/161/task/161/fdinfo': Permission denied
ls: cannot open directory '/proc/161/task/161/ns': Permission denied
ls: cannot open directory '/proc/161580/fd': Permission denied
ls: cannot open directory '/proc/161580/fdinfo': Permission denied
ls: cannot open directory '/proc/161580/map_files': Permission denied
ls: cannot open directory '/proc/161580/ns': Permission denied
ls: cannot open directory '/proc/161580/task/161580/fd': Permission denied
ls: cannot open directory '/proc/161580/task/161580/fdinfo': Permission denied
ls: cannot open directory '/proc/161580/task/161580/ns': Permission denied
ls: cannot open directory '/proc/161764/fd': Permission denied
ls: cannot open directory '/proc/161764/fdinfo': Permission denied
ls: cannot open directory '/proc/161764/map_files': Permission denied
ls: cannot open directory '/proc/161764/ns': Permission denied
ls: cannot open directory '/proc/161764/task/161764/fd': Permission denied
ls: cannot open directory '/proc/161764/task/161764/fdinfo': Permission denied
ls: cannot open directory '/proc/161764/task/161764/ns': Permission denied
ls: cannot open directory '/proc/161776/fd': Permission denied
ls: cannot open directory '/proc/161776/fdinfo': Permission denied
ls: cannot open directory '/proc/161776/map_files': Permission denied
ls: cannot open directory '/proc/161776/ns': Permission denied
ls: cannot open directory '/proc/161776/task/161776/fd': Permission denied
ls: cannot open directory '/proc/161776/task/161776/fdinfo': Permission denied
ls: cannot open directory '/proc/161776/task/161776/ns': Permission denied
ls: cannot open directory '/proc/161776/task/161813/fd': Permission denied
ls: cannot open directory '/proc/161776/task/161813/fdinfo': Permission denied
ls: cannot open directory '/proc/161776/task/161813/ns': Permission denied
ls: cannot open directory '/proc/161776/task/161814/fd': Permission denied
ls: cannot open directory '/proc/161776/task/161814/fdinfo': Permission denied
ls: cannot open directory '/proc/161776/task/161814/ns': Permission denied
ls: cannot open directory '/proc/161776/task/161815/fd': Permission denied
ls: cannot open directory '/proc/161776/task/161815/fdinfo': Permission denied
ls: cannot open directory '/proc/161776/task/161815/ns': Permission denied
ls: cannot open directory '/proc/161817/fd': Permission denied
ls: cannot open directory '/proc/161817/fdinfo': Permission denied
ls: cannot open directory '/proc/161817/map_files': Permission denied
ls: cannot open directory '/proc/161817/ns': Permission denied
ls: cannot open directory '/proc/161817/task/161817/fd': Permission denied
ls: cannot open directory '/proc/161817/task/161817/fdinfo': Permission denied
ls: cannot open directory '/proc/161817/task/161817/ns': Permission denied
ls: cannot open directory '/proc/162493/fd': Permission denied
ls: cannot open directory '/proc/162493/fdinfo': Permission denied
ls: cannot open directory '/proc/162493/map_files': Permission denied
ls: cannot open directory '/proc/162493/ns': Permission denied
ls: cannot open directory '/proc/162493/task/162493/fd': Permission denied
ls: cannot open directory '/proc/162493/task/162493/fdinfo': Permission denied
ls: cannot open directory '/proc/162493/task/162493/ns': Permission denied
ls: cannot open directory '/proc/1630/fd': Permission denied
ls: cannot open directory '/proc/1630/fdinfo': Permission denied
ls: cannot open directory '/proc/1630/map_files': Permission denied
ls: cannot open directory '/proc/1630/ns': Permission denied
ls: cannot open directory '/proc/1630/task/1630/fd': Permission denied
ls: cannot open directory '/proc/1630/task/1630/fdinfo': Permission denied
ls: cannot open directory '/proc/1630/task/1630/ns': Permission denied
ls: cannot open directory '/proc/1630/task/1685/fd': Permission denied
ls: cannot open directory '/proc/1630/task/1685/fdinfo': Permission denied
ls: cannot open directory '/proc/1630/task/1685/ns': Permission denied
ls: cannot open directory '/proc/1630/task/1686/fd': Permission denied
ls: cannot open directory '/proc/1630/task/1686/fdinfo': Permission denied
ls: cannot open directory '/proc/1630/task/1686/ns': Permission denied
ls: cannot open directory '/proc/1630/task/1687/fd': Permission denied
ls: cannot open directory '/proc/1630/task/1687/fdinfo': Permission denied
ls: cannot open directory '/proc/1630/task/1687/ns': Permission denied
ls: cannot open directory '/proc/163443/fd': Permission denied
ls: cannot open directory '/proc/163443/fdinfo': Permission denied
ls: cannot open directory '/proc/163443/map_files': Permission denied
ls: cannot open directory '/proc/163443/ns': Permission denied
ls: cannot open directory '/proc/163443/task/163443/fd': Permission denied
ls: cannot open directory '/proc/163443/task/163443/fdinfo': Permission denied
ls: cannot open directory '/proc/163443/task/163443/ns': Permission denied
ls: cannot open directory '/proc/163486/fd': Permission denied
ls: cannot open directory '/proc/163486/fdinfo': Permission denied
ls: cannot open directory '/proc/163486/map_files': Permission denied
ls: cannot open directory '/proc/163486/ns': Permission denied
ls: cannot open directory '/proc/163486/task/163486/fd': Permission denied
ls: cannot open directory '/proc/163486/task/163486/fdinfo': Permission denied
ls: cannot open directory '/proc/163486/task/163486/ns': Permission denied
ls: cannot open directory '/proc/163491/fd': Permission denied
ls: cannot open directory '/proc/163491/fdinfo': Permission denied
ls: cannot open directory '/proc/163491/map_files': Permission denied
ls: cannot open directory '/proc/163491/ns': Permission denied
ls: cannot open directory '/proc/163491/task/163491/fd': Permission denied
ls: cannot open directory '/proc/163491/task/163491/fdinfo': Permission denied
ls: cannot open directory '/proc/163491/task/163491/ns': Permission denied
ls: cannot open directory '/proc/163550/fd': Permission denied
ls: cannot open directory '/proc/163550/fdinfo': Permission denied
ls: cannot open directory '/proc/163550/map_files': Permission denied
ls: cannot open directory '/proc/163550/ns': Permission denied
ls: cannot open directory '/proc/163550/task/163550/fd': Permission denied
ls: cannot open directory '/proc/163550/task/163550/fdinfo': Permission denied
ls: cannot open directory '/proc/163550/task/163550/ns': Permission denied
ls: cannot open directory '/proc/168016/fd': Permission denied
ls: cannot open directory '/proc/168016/fdinfo': Permission denied
ls: cannot open directory '/proc/168016/map_files': Permission denied
ls: cannot open directory '/proc/168016/ns': Permission denied
ls: cannot open directory '/proc/168016/task/168016/fd': Permission denied
ls: cannot open directory '/proc/168016/task/168016/fdinfo': Permission denied
ls: cannot open directory '/proc/168016/task/168016/ns': Permission denied
ls: cannot open directory '/proc/17/fd': Permission denied
ls: cannot open directory '/proc/17/fdinfo': Permission denied
ls: cannot open directory '/proc/17/map_files': Permission denied
ls: cannot open directory '/proc/17/ns': Permission denied
ls: cannot open directory '/proc/17/task/17/fd': Permission denied
ls: cannot open directory '/proc/17/task/17/fdinfo': Permission denied
ls: cannot open directory '/proc/17/task/17/ns': Permission denied
ls: cannot open directory '/proc/1705/fd': Permission denied
ls: cannot open directory '/proc/1705/fdinfo': Permission denied
ls: cannot open directory '/proc/1705/map_files': Permission denied
ls: cannot open directory '/proc/1705/ns': Permission denied
ls: cannot open directory '/proc/1705/task/1705/fd': Permission denied
ls: cannot open directory '/proc/1705/task/1705/fdinfo': Permission denied
ls: cannot open directory '/proc/1705/task/1705/ns': Permission denied
ls: cannot open directory '/proc/1705/task/1734/fd': Permission denied
ls: cannot open directory '/proc/1705/task/1734/fdinfo': Permission denied
ls: cannot open directory '/proc/1705/task/1734/ns': Permission denied
ls: cannot open directory '/proc/1705/task/1736/fd': Permission denied
ls: cannot open directory '/proc/1705/task/1736/fdinfo': Permission denied
ls: cannot open directory '/proc/1705/task/1736/ns': Permission denied
ls: cannot open directory '/proc/1705/task/1738/fd': Permission denied
ls: cannot open directory '/proc/1705/task/1738/fdinfo': Permission denied
ls: cannot open directory '/proc/1705/task/1738/ns': Permission denied
ls: cannot open directory '/proc/1707/fd': Permission denied
ls: cannot open directory '/proc/1707/fdinfo': Permission denied
ls: cannot open directory '/proc/1707/map_files': Permission denied
ls: cannot open directory '/proc/1707/ns': Permission denied
ls: cannot open directory '/proc/1707/task/1707/fd': Permission denied
ls: cannot open directory '/proc/1707/task/1707/fdinfo': Permission denied
ls: cannot open directory '/proc/1707/task/1707/ns': Permission denied
ls: cannot open directory '/proc/1707/task/1808/fd': Permission denied
ls: cannot open directory '/proc/1707/task/1808/fdinfo': Permission denied
ls: cannot open directory '/proc/1707/task/1808/ns': Permission denied
ls: cannot open directory '/proc/1707/task/1809/fd': Permission denied
ls: cannot open directory '/proc/1707/task/1809/fdinfo': Permission denied
ls: cannot open directory '/proc/1707/task/1809/ns': Permission denied
ls: cannot open directory '/proc/1707/task/1811/fd': Permission denied
ls: cannot open directory '/proc/1707/task/1811/fdinfo': Permission denied
ls: cannot open directory '/proc/1707/task/1811/ns': Permission denied
ls: cannot open directory '/proc/1709/fd': Permission denied
ls: cannot open directory '/proc/1709/fdinfo': Permission denied
ls: cannot open directory '/proc/1709/map_files': Permission denied
ls: cannot open directory '/proc/1709/ns': Permission denied
ls: cannot open directory '/proc/1709/task/1709/fd': Permission denied
ls: cannot open directory '/proc/1709/task/1709/fdinfo': Permission denied
ls: cannot open directory '/proc/1709/task/1709/ns': Permission denied
ls: cannot open directory '/proc/171138/fd': Permission denied
ls: cannot open directory '/proc/171138/fdinfo': Permission denied
ls: cannot open directory '/proc/171138/map_files': Permission denied
ls: cannot open directory '/proc/171138/ns': Permission denied
ls: cannot open directory '/proc/171138/task/171138/fd': Permission denied
ls: cannot open directory '/proc/171138/task/171138/fdinfo': Permission denied
ls: cannot open directory '/proc/171138/task/171138/ns': Permission denied
ls: cannot open directory '/proc/172/fd': Permission denied
ls: cannot open directory '/proc/172/fdinfo': Permission denied
ls: cannot open directory '/proc/172/map_files': Permission denied
ls: cannot open directory '/proc/172/ns': Permission denied
ls: cannot open directory '/proc/172/task/172/fd': Permission denied
ls: cannot open directory '/proc/172/task/172/fdinfo': Permission denied
ls: cannot open directory '/proc/172/task/172/ns': Permission denied
ls: cannot open directory '/proc/1720/fd': Permission denied
ls: cannot open directory '/proc/1720/fdinfo': Permission denied
ls: cannot open directory '/proc/1720/map_files': Permission denied
ls: cannot open directory '/proc/1720/ns': Permission denied
ls: cannot open directory '/proc/1720/task/1720/fd': Permission denied
ls: cannot open directory '/proc/1720/task/1720/fdinfo': Permission denied
ls: cannot open directory '/proc/1720/task/1720/ns': Permission denied
ls: cannot open directory '/proc/1720/task/1743/fd': Permission denied
ls: cannot open directory '/proc/1720/task/1743/fdinfo': Permission denied
ls: cannot open directory '/proc/1720/task/1743/ns': Permission denied
ls: cannot open directory '/proc/1720/task/1746/fd': Permission denied
ls: cannot open directory '/proc/1720/task/1746/fdinfo': Permission denied
ls: cannot open directory '/proc/1720/task/1746/ns': Permission denied
ls: cannot open directory '/proc/1720/task/1748/fd': Permission denied
ls: cannot open directory '/proc/1720/task/1748/fdinfo': Permission denied
ls: cannot open directory '/proc/1720/task/1748/ns': Permission denied
ls: cannot open directory '/proc/173152/fd': Permission denied
ls: cannot open directory '/proc/173152/fdinfo': Permission denied
ls: cannot open directory '/proc/173152/map_files': Permission denied
ls: cannot open directory '/proc/173152/ns': Permission denied
ls: cannot open directory '/proc/173152/task/173152/fd': Permission denied
ls: cannot open directory '/proc/173152/task/173152/fdinfo': Permission denied
ls: cannot open directory '/proc/173152/task/173152/ns': Permission denied
ls: cannot open directory '/proc/176816/fd': Permission denied
ls: cannot open directory '/proc/176816/fdinfo': Permission denied
ls: cannot open directory '/proc/176816/map_files': Permission denied
ls: cannot open directory '/proc/176816/ns': Permission denied
ls: cannot open directory '/proc/176816/task/176816/fd': Permission denied
ls: cannot open directory '/proc/176816/task/176816/fdinfo': Permission denied
ls: cannot open directory '/proc/176816/task/176816/ns': Permission denied
ls: cannot open directory '/proc/177600/fd': Permission denied
ls: cannot open directory '/proc/177600/fdinfo': Permission denied
ls: cannot open directory '/proc/177600/map_files': Permission denied
ls: cannot open directory '/proc/177600/ns': Permission denied
ls: cannot open directory '/proc/177600/task/177600/fd': Permission denied
ls: cannot open directory '/proc/177600/task/177600/fdinfo': Permission denied
ls: cannot open directory '/proc/177600/task/177600/ns': Permission denied
ls: cannot open directory '/proc/177938/fd': Permission denied
ls: cannot open directory '/proc/177938/fdinfo': Permission denied
ls: cannot open directory '/proc/177938/map_files': Permission denied
ls: cannot open directory '/proc/177938/ns': Permission denied
ls: cannot open directory '/proc/177938/task/177938/fd': Permission denied
ls: cannot open directory '/proc/177938/task/177938/fdinfo': Permission denied
ls: cannot open directory '/proc/177938/task/177938/ns': Permission denied
ls: cannot open directory '/proc/177964/fd': Permission denied
ls: cannot open directory '/proc/177964/fdinfo': Permission denied
ls: cannot open directory '/proc/177964/map_files': Permission denied
ls: cannot open directory '/proc/177964/ns': Permission denied
ls: cannot open directory '/proc/177964/task/177964/fd': Permission denied
ls: cannot open directory '/proc/177964/task/177964/fdinfo': Permission denied
ls: cannot open directory '/proc/177964/task/177964/ns': Permission denied
ls: cannot open directory '/proc/178072/fd': Permission denied
ls: cannot open directory '/proc/178072/fdinfo': Permission denied
ls: cannot open directory '/proc/178072/map_files': Permission denied
ls: cannot open directory '/proc/178072/ns': Permission denied
ls: cannot open directory '/proc/178072/task/178072/fd': Permission denied
ls: cannot open directory '/proc/178072/task/178072/fdinfo': Permission denied
ls: cannot open directory '/proc/178072/task/178072/ns': Permission denied
ls: cannot open directory '/proc/178561/fd': Permission denied
ls: cannot open directory '/proc/178561/fdinfo': Permission denied
ls: cannot open directory '/proc/178561/map_files': Permission denied
ls: cannot open directory '/proc/178561/ns': Permission denied
ls: cannot open directory '/proc/178561/task/178561/fd': Permission denied
ls: cannot open directory '/proc/178561/task/178561/fdinfo': Permission denied
ls: cannot open directory '/proc/178561/task/178561/ns': Permission denied
ls: cannot open directory '/proc/179514/fd': Permission denied
ls: cannot open directory '/proc/179514/fdinfo': Permission denied
ls: cannot open directory '/proc/179514/map_files': Permission denied
ls: cannot open directory '/proc/179514/ns': Permission denied
ls: cannot open directory '/proc/179514/task/179514/fd': Permission denied
ls: cannot open directory '/proc/179514/task/179514/fdinfo': Permission denied
ls: cannot open directory '/proc/179514/task/179514/ns': Permission denied
ls: cannot open directory '/proc/18/fd': Permission denied
ls: cannot open directory '/proc/18/fdinfo': Permission denied
ls: cannot open directory '/proc/18/map_files': Permission denied
ls: cannot open directory '/proc/18/ns': Permission denied
ls: cannot open directory '/proc/18/task/18/fd': Permission denied
ls: cannot open directory '/proc/18/task/18/fdinfo': Permission denied
ls: cannot open directory '/proc/18/task/18/ns': Permission denied
ls: cannot open directory '/proc/180360/fd': Permission denied
ls: cannot open directory '/proc/180360/fdinfo': Permission denied
ls: cannot open directory '/proc/180360/map_files': Permission denied
ls: cannot open directory '/proc/180360/ns': Permission denied
ls: cannot open directory '/proc/180360/task/180360/fd': Permission denied
ls: cannot open directory '/proc/180360/task/180360/fdinfo': Permission denied
ls: cannot open directory '/proc/180360/task/180360/ns': Permission denied
ls: cannot open directory '/proc/1807/fd': Permission denied
ls: cannot open directory '/proc/1807/fdinfo': Permission denied
ls: cannot open directory '/proc/1807/map_files': Permission denied
ls: cannot open directory '/proc/1807/ns': Permission denied
ls: cannot open directory '/proc/1807/task/1807/fd': Permission denied
ls: cannot open directory '/proc/1807/task/1807/fdinfo': Permission denied
ls: cannot open directory '/proc/1807/task/1807/ns': Permission denied
ls: cannot open directory '/proc/181470/fd': Permission denied
ls: cannot open directory '/proc/181470/fdinfo': Permission denied
ls: cannot open directory '/proc/181470/map_files': Permission denied
ls: cannot open directory '/proc/181470/ns': Permission denied
ls: cannot open directory '/proc/181470/task/181470/fd': Permission denied
ls: cannot open directory '/proc/181470/task/181470/fdinfo': Permission denied
ls: cannot open directory '/proc/181470/task/181470/ns': Permission denied
ls: cannot open directory '/proc/182650/fd': Permission denied
ls: cannot open directory '/proc/182650/fdinfo': Permission denied
ls: cannot open directory '/proc/182650/map_files': Permission denied
ls: cannot open directory '/proc/182650/ns': Permission denied
ls: cannot open directory '/proc/182650/task/182650/fd': Permission denied
ls: cannot open directory '/proc/182650/task/182650/fdinfo': Permission denied
ls: cannot open directory '/proc/182650/task/182650/ns': Permission denied
ls: cannot open directory '/proc/183/fd': Permission denied
ls: cannot open directory '/proc/183/fdinfo': Permission denied
ls: cannot open directory '/proc/183/map_files': Permission denied
ls: cannot open directory '/proc/183/ns': Permission denied
ls: cannot open directory '/proc/183/task/183/fd': Permission denied
ls: cannot open directory '/proc/183/task/183/fdinfo': Permission denied
ls: cannot open directory '/proc/183/task/183/ns': Permission denied
ls: cannot open directory '/proc/184/fd': Permission denied
ls: cannot open directory '/proc/184/fdinfo': Permission denied
ls: cannot open directory '/proc/184/map_files': Permission denied
ls: cannot open directory '/proc/184/ns': Permission denied
ls: cannot open directory '/proc/184/task/184/fd': Permission denied
ls: cannot open directory '/proc/184/task/184/fdinfo': Permission denied
ls: cannot open directory '/proc/184/task/184/ns': Permission denied
ls: cannot open directory '/proc/184079/fd': Permission denied
ls: cannot open directory '/proc/184079/fdinfo': Permission denied
ls: cannot open directory '/proc/184079/map_files': Permission denied
ls: cannot open directory '/proc/184079/ns': Permission denied
ls: cannot open directory '/proc/184079/task/184079/fd': Permission denied
ls: cannot open directory '/proc/184079/task/184079/fdinfo': Permission denied
ls: cannot open directory '/proc/184079/task/184079/ns': Permission denied
ls: cannot open directory '/proc/186918/fd': Permission denied
ls: cannot open directory '/proc/186918/fdinfo': Permission denied
ls: cannot open directory '/proc/186918/map_files': Permission denied
ls: cannot open directory '/proc/186918/ns': Permission denied
ls: cannot open directory '/proc/186918/task/186918/fd': Permission denied
ls: cannot open directory '/proc/186918/task/186918/fdinfo': Permission denied
ls: cannot open directory '/proc/186918/task/186918/ns': Permission denied
ls: cannot open directory '/proc/187786/fd': Permission denied
ls: cannot open directory '/proc/187786/fdinfo': Permission denied
ls: cannot open directory '/proc/187786/map_files': Permission denied
ls: cannot open directory '/proc/187786/ns': Permission denied
ls: cannot open directory '/proc/187786/task/187786/fd': Permission denied
ls: cannot open directory '/proc/187786/task/187786/fdinfo': Permission denied
ls: cannot open directory '/proc/187786/task/187786/ns': Permission denied
ls: cannot open directory '/proc/188354/fd': Permission denied
ls: cannot open directory '/proc/188354/fdinfo': Permission denied
ls: cannot open directory '/proc/188354/map_files': Permission denied
ls: cannot open directory '/proc/188354/ns': Permission denied
ls: cannot open directory '/proc/188354/task/188354/fd': Permission denied
ls: cannot open directory '/proc/188354/task/188354/fdinfo': Permission denied
ls: cannot open directory '/proc/188354/task/188354/ns': Permission denied
ls: cannot open directory '/proc/189069/fd': Permission denied
ls: cannot open directory '/proc/189069/fdinfo': Permission denied
ls: cannot open directory '/proc/189069/map_files': Permission denied
ls: cannot open directory '/proc/189069/ns': Permission denied
ls: cannot open directory '/proc/189069/task/189069/fd': Permission denied
ls: cannot open directory '/proc/189069/task/189069/fdinfo': Permission denied
ls: cannot open directory '/proc/189069/task/189069/ns': Permission denied
ls: cannot open directory '/proc/189336/fd': Permission denied
ls: cannot open directory '/proc/189336/fdinfo': Permission denied
ls: cannot open directory '/proc/189336/map_files': Permission denied
ls: cannot open directory '/proc/189336/ns': Permission denied
ls: cannot open directory '/proc/189336/task/189336/fd': Permission denied
ls: cannot open directory '/proc/189336/task/189336/fdinfo': Permission denied
ls: cannot open directory '/proc/189336/task/189336/ns': Permission denied
ls: cannot open directory '/proc/19/fd': Permission denied
ls: cannot open directory '/proc/19/fdinfo': Permission denied
ls: cannot open directory '/proc/19/map_files': Permission denied
ls: cannot open directory '/proc/19/ns': Permission denied
ls: cannot open directory '/proc/19/task/19/fd': Permission denied
ls: cannot open directory '/proc/19/task/19/fdinfo': Permission denied
ls: cannot open directory '/proc/19/task/19/ns': Permission denied
ls: cannot open directory '/proc/190021/fd': Permission denied
ls: cannot open directory '/proc/190021/fdinfo': Permission denied
ls: cannot open directory '/proc/190021/map_files': Permission denied
ls: cannot open directory '/proc/190021/ns': Permission denied
ls: cannot open directory '/proc/190021/task/190021/fd': Permission denied
ls: cannot open directory '/proc/190021/task/190021/fdinfo': Permission denied
ls: cannot open directory '/proc/190021/task/190021/ns': Permission denied
ls: cannot open directory '/proc/190036/fd': Permission denied
ls: cannot open directory '/proc/190036/fdinfo': Permission denied
ls: cannot open directory '/proc/190036/map_files': Permission denied
ls: cannot open directory '/proc/190036/ns': Permission denied
ls: cannot open directory '/proc/190036/task/190036/fd': Permission denied
ls: cannot open directory '/proc/190036/task/190036/fdinfo': Permission denied
ls: cannot open directory '/proc/190036/task/190036/ns': Permission denied
ls: cannot open directory '/proc/190208/fd': Permission denied
ls: cannot open directory '/proc/190208/fdinfo': Permission denied
ls: cannot open directory '/proc/190208/map_files': Permission denied
ls: cannot open directory '/proc/190208/ns': Permission denied
ls: cannot open directory '/proc/190208/task/190208/fd': Permission denied
ls: cannot open directory '/proc/190208/task/190208/fdinfo': Permission denied
ls: cannot open directory '/proc/190208/task/190208/ns': Permission denied
ls: cannot open directory '/proc/190879/fd': Permission denied
ls: cannot open directory '/proc/190879/fdinfo': Permission denied
ls: cannot open directory '/proc/190879/map_files': Permission denied
ls: cannot open directory '/proc/190879/ns': Permission denied
ls: cannot open directory '/proc/190879/task/190879/fd': Permission denied
ls: cannot open directory '/proc/190879/task/190879/fdinfo': Permission denied
ls: cannot open directory '/proc/190879/task/190879/ns': Permission denied
ls: cannot open directory '/proc/191401/fd': Permission denied
ls: cannot open directory '/proc/191401/fdinfo': Permission denied
ls: cannot open directory '/proc/191401/map_files': Permission denied
ls: cannot open directory '/proc/191401/ns': Permission denied
ls: cannot open directory '/proc/191401/task/191401/fd': Permission denied
ls: cannot open directory '/proc/191401/task/191401/fdinfo': Permission denied
ls: cannot open directory '/proc/191401/task/191401/ns': Permission denied
ls: cannot open directory '/proc/192067/fd': Permission denied
ls: cannot open directory '/proc/192067/fdinfo': Permission denied
ls: cannot open directory '/proc/192067/map_files': Permission denied
ls: cannot open directory '/proc/192067/ns': Permission denied
ls: cannot open directory '/proc/192067/task/192067/fd': Permission denied
ls: cannot open directory '/proc/192067/task/192067/fdinfo': Permission denied
ls: cannot open directory '/proc/192067/task/192067/ns': Permission denied
ls: cannot open directory '/proc/192073/fd': Permission denied
ls: cannot open directory '/proc/192073/fdinfo': Permission denied
ls: cannot open directory '/proc/192073/map_files': Permission denied
ls: cannot open directory '/proc/192073/ns': Permission denied
ls: cannot open directory '/proc/192073/task/192073/fd': Permission denied
ls: cannot open directory '/proc/192073/task/192073/fdinfo': Permission denied
ls: cannot open directory '/proc/192073/task/192073/ns': Permission denied
ls: cannot open directory '/proc/1923/fd': Permission denied
ls: cannot open directory '/proc/1923/fdinfo': Permission denied
ls: cannot open directory '/proc/1923/map_files': Permission denied
ls: cannot open directory '/proc/1923/ns': Permission denied
ls: cannot open directory '/proc/1923/task/1923/fd': Permission denied
ls: cannot open directory '/proc/1923/task/1923/fdinfo': Permission denied
ls: cannot open directory '/proc/1923/task/1923/ns': Permission denied
ls: cannot open directory '/proc/192321/fd': Permission denied
ls: cannot open directory '/proc/192321/map_files': Permission denied
ls: reading directory '/proc/192321/net': Invalid argument
ls: cannot open directory '/proc/192321/ns': Permission denied
ls: cannot open directory '/proc/192321/task/192321/fd': Permission denied
ls: reading directory '/proc/192321/task/192321/net': Invalid argument
ls: cannot open directory '/proc/192321/task/192321/ns': Permission denied
ls: cannot open directory '/proc/1927/fd': Permission denied
ls: cannot open directory '/proc/1927/fdinfo': Permission denied
ls: cannot open directory '/proc/1927/map_files': Permission denied
ls: cannot open directory '/proc/1927/ns': Permission denied
ls: cannot open directory '/proc/1927/task/1927/fd': Permission denied
ls: cannot open directory '/proc/1927/task/1927/fdinfo': Permission denied
ls: cannot open directory '/proc/1927/task/1927/ns': Permission denied
ls: cannot open directory '/proc/1927/task/1972/fd': Permission denied
ls: cannot open directory '/proc/1927/task/1972/fdinfo': Permission denied
ls: cannot open directory '/proc/1927/task/1972/ns': Permission denied
ls: cannot open directory '/proc/1967/fd': Permission denied
ls: cannot open directory '/proc/1967/fdinfo': Permission denied
ls: cannot open directory '/proc/1967/map_files': Permission denied
ls: cannot open directory '/proc/1967/ns': Permission denied
ls: cannot open directory '/proc/1967/task/1967/fd': Permission denied
ls: cannot open directory '/proc/1967/task/1967/fdinfo': Permission denied
ls: cannot open directory '/proc/1967/task/1967/ns': Permission denied
ls: cannot open directory '/proc/1967/task/1980/fd': Permission denied
ls: cannot open directory '/proc/1967/task/1980/fdinfo': Permission denied
ls: cannot open directory '/proc/1967/task/1980/ns': Permission denied
ls: cannot open directory '/proc/1967/task/1981/fd': Permission denied
ls: cannot open directory '/proc/1967/task/1981/fdinfo': Permission denied
ls: cannot open directory '/proc/1967/task/1981/ns': Permission denied
ls: cannot open directory '/proc/1967/task/1984/fd': Permission denied
ls: cannot open directory '/proc/1967/task/1984/fdinfo': Permission denied
ls: cannot open directory '/proc/1967/task/1984/ns': Permission denied
ls: cannot open directory '/proc/1968/fd': Permission denied
ls: cannot open directory '/proc/1968/fdinfo': Permission denied
ls: cannot open directory '/proc/1968/map_files': Permission denied
ls: cannot open directory '/proc/1968/ns': Permission denied
ls: cannot open directory '/proc/1968/task/1968/fd': Permission denied
ls: cannot open directory '/proc/1968/task/1968/fdinfo': Permission denied
ls: cannot open directory '/proc/1968/task/1968/ns': Permission denied
ls: cannot open directory '/proc/1968/task/1982/fd': Permission denied
ls: cannot open directory '/proc/1968/task/1982/fdinfo': Permission denied
ls: cannot open directory '/proc/1968/task/1982/ns': Permission denied
ls: cannot open directory '/proc/1987/fd': Permission denied
ls: cannot open directory '/proc/1987/fdinfo': Permission denied
ls: cannot open directory '/proc/1987/map_files': Permission denied
ls: cannot open directory '/proc/1987/ns': Permission denied
ls: cannot open directory '/proc/1987/task/1987/fd': Permission denied
ls: cannot open directory '/proc/1987/task/1987/fdinfo': Permission denied
ls: cannot open directory '/proc/1987/task/1987/ns': Permission denied
ls: cannot open directory '/proc/1987/task/2071/fd': Permission denied
ls: cannot open directory '/proc/1987/task/2071/fdinfo': Permission denied
ls: cannot open directory '/proc/1987/task/2071/ns': Permission denied
ls: cannot open directory '/proc/2/fd': Permission denied
ls: cannot open directory '/proc/2/fdinfo': Permission denied
ls: cannot open directory '/proc/2/map_files': Permission denied
ls: cannot open directory '/proc/2/ns': Permission denied
ls: cannot open directory '/proc/2/task/2/fd': Permission denied
ls: cannot open directory '/proc/2/task/2/fdinfo': Permission denied
ls: cannot open directory '/proc/2/task/2/ns': Permission denied
ls: cannot open directory '/proc/20/fd': Permission denied
ls: cannot open directory '/proc/20/fdinfo': Permission denied
ls: cannot open directory '/proc/20/map_files': Permission denied
ls: cannot open directory '/proc/20/ns': Permission denied
ls: cannot open directory '/proc/20/task/20/fd': Permission denied
ls: cannot open directory '/proc/20/task/20/fdinfo': Permission denied
ls: cannot open directory '/proc/20/task/20/ns': Permission denied
ls: cannot open directory '/proc/2058/fd': Permission denied
ls: cannot open directory '/proc/2058/fdinfo': Permission denied
ls: cannot open directory '/proc/2058/map_files': Permission denied
ls: cannot open directory '/proc/2058/ns': Permission denied
ls: cannot open directory '/proc/2058/task/2058/fd': Permission denied
ls: cannot open directory '/proc/2058/task/2058/fdinfo': Permission denied
ls: cannot open directory '/proc/2058/task/2058/ns': Permission denied
ls: cannot open directory '/proc/2059/fd': Permission denied
ls: cannot open directory '/proc/2059/fdinfo': Permission denied
ls: cannot open directory '/proc/2059/map_files': Permission denied
ls: cannot open directory '/proc/2059/ns': Permission denied
ls: cannot open directory '/proc/2059/task/2059/fd': Permission denied
ls: cannot open directory '/proc/2059/task/2059/fdinfo': Permission denied
ls: cannot open directory '/proc/2059/task/2059/ns': Permission denied
ls: cannot open directory '/proc/21/fd': Permission denied
ls: cannot open directory '/proc/21/fdinfo': Permission denied
ls: cannot open directory '/proc/21/map_files': Permission denied
ls: cannot open directory '/proc/21/ns': Permission denied
ls: cannot open directory '/proc/21/task/21/fd': Permission denied
ls: cannot open directory '/proc/21/task/21/fdinfo': Permission denied
ls: cannot open directory '/proc/21/task/21/ns': Permission denied
ls: cannot open directory '/proc/213/fd': Permission denied
ls: cannot open directory '/proc/213/fdinfo': Permission denied
ls: cannot open directory '/proc/213/map_files': Permission denied
ls: cannot open directory '/proc/213/ns': Permission denied
ls: cannot open directory '/proc/213/task/213/fd': Permission denied
ls: cannot open directory '/proc/213/task/213/fdinfo': Permission denied
ls: cannot open directory '/proc/213/task/213/ns': Permission denied
ls: cannot open directory '/proc/2130/fd': Permission denied
ls: cannot open directory '/proc/2130/fdinfo': Permission denied
ls: cannot open directory '/proc/2130/map_files': Permission denied
ls: cannot open directory '/proc/2130/ns': Permission denied
ls: cannot open directory '/proc/2130/task/2130/fd': Permission denied
ls: cannot open directory '/proc/2130/task/2130/fdinfo': Permission denied
ls: cannot open directory '/proc/2130/task/2130/ns': Permission denied
ls: cannot open directory '/proc/2130/task/2137/fd': Permission denied
ls: cannot open directory '/proc/2130/task/2137/fdinfo': Permission denied
ls: cannot open directory '/proc/2130/task/2137/ns': Permission denied
ls: cannot open directory '/proc/2130/task/2138/fd': Permission denied
ls: cannot open directory '/proc/2130/task/2138/fdinfo': Permission denied
ls: cannot open directory '/proc/2130/task/2138/ns': Permission denied
ls: cannot open directory '/proc/2158/fd': Permission denied
ls: cannot open directory '/proc/2158/fdinfo': Permission denied
ls: cannot open directory '/proc/2158/map_files': Permission denied
ls: cannot open directory '/proc/2158/ns': Permission denied
ls: cannot open directory '/proc/2158/task/2158/fd': Permission denied
ls: cannot open directory '/proc/2158/task/2158/fdinfo': Permission denied
ls: cannot open directory '/proc/2158/task/2158/ns': Permission denied
ls: cannot open directory '/proc/2158/task/2161/fd': Permission denied
ls: cannot open directory '/proc/2158/task/2161/fdinfo': Permission denied
ls: cannot open directory '/proc/2158/task/2161/ns': Permission denied
ls: cannot open directory '/proc/2158/task/2162/fd': Permission denied
ls: cannot open directory '/proc/2158/task/2162/fdinfo': Permission denied
ls: cannot open directory '/proc/2158/task/2162/ns': Permission denied
ls: cannot open directory '/proc/2158/task/2163/fd': Permission denied
ls: cannot open directory '/proc/2158/task/2163/fdinfo': Permission denied
ls: cannot open directory '/proc/2158/task/2163/ns': Permission denied
ls: cannot open directory '/proc/216/fd': Permission denied
ls: cannot open directory '/proc/216/fdinfo': Permission denied
ls: cannot open directory '/proc/216/map_files': Permission denied
ls: cannot open directory '/proc/216/ns': Permission denied
ls: cannot open directory '/proc/216/task/216/fd': Permission denied
ls: cannot open directory '/proc/216/task/216/fdinfo': Permission denied
ls: cannot open directory '/proc/216/task/216/ns': Permission denied
ls: cannot open directory '/proc/2178/fd': Permission denied
ls: cannot open directory '/proc/2178/fdinfo': Permission denied
ls: cannot open directory '/proc/2178/map_files': Permission denied
ls: cannot open directory '/proc/2178/ns': Permission denied
ls: cannot open directory '/proc/2178/task/2178/fd': Permission denied
ls: cannot open directory '/proc/2178/task/2178/fdinfo': Permission denied
ls: cannot open directory '/proc/2178/task/2178/ns': Permission denied
ls: cannot open directory '/proc/22/fd': Permission denied
ls: cannot open directory '/proc/22/fdinfo': Permission denied
ls: cannot open directory '/proc/22/map_files': Permission denied
ls: cannot open directory '/proc/22/ns': Permission denied
ls: cannot open directory '/proc/22/task/22/fd': Permission denied
ls: cannot open directory '/proc/22/task/22/fdinfo': Permission denied
ls: cannot open directory '/proc/22/task/22/ns': Permission denied
ls: cannot open directory '/proc/2206/fd': Permission denied
ls: cannot open directory '/proc/2206/fdinfo': Permission denied
ls: cannot open directory '/proc/2206/map_files': Permission denied
ls: cannot open directory '/proc/2206/ns': Permission denied
ls: cannot open directory '/proc/2206/task/2206/fd': Permission denied
ls: cannot open directory '/proc/2206/task/2206/fdinfo': Permission denied
ls: cannot open directory '/proc/2206/task/2206/ns': Permission denied
ls: cannot open directory '/proc/2209/fdinfo': Permission denied
ls: reading directory '/proc/2209/map_files': Permission denied
ls: cannot open directory '/proc/2209/task/2209/fdinfo': Permission denied
ls: cannot open directory '/proc/2210/fd': Permission denied
ls: cannot open directory '/proc/2210/fdinfo': Permission denied
ls: cannot open directory '/proc/2210/map_files': Permission denied
ls: cannot open directory '/proc/2210/ns': Permission denied
ls: cannot open directory '/proc/2210/task/2210/fd': Permission denied
ls: cannot open directory '/proc/2210/task/2210/fdinfo': Permission denied
ls: cannot open directory '/proc/2210/task/2210/ns': Permission denied
ls: cannot open directory '/proc/23/fd': Permission denied
ls: cannot open directory '/proc/23/fdinfo': Permission denied
ls: cannot open directory '/proc/23/map_files': Permission denied
ls: cannot open directory '/proc/23/ns': Permission denied
ls: cannot open directory '/proc/23/task/23/fd': Permission denied
ls: cannot open directory '/proc/23/task/23/fdinfo': Permission denied
ls: cannot open directory '/proc/23/task/23/ns': Permission denied
ls: cannot open directory '/proc/232/fd': Permission denied
ls: cannot open directory '/proc/232/fdinfo': Permission denied
ls: cannot open directory '/proc/232/map_files': Permission denied
ls: cannot open directory '/proc/232/ns': Permission denied
ls: cannot open directory '/proc/232/task/232/fd': Permission denied
ls: cannot open directory '/proc/232/task/232/fdinfo': Permission denied
ls: cannot open directory '/proc/232/task/232/ns': Permission denied
ls: cannot open directory '/proc/2320/fd': Permission denied
ls: cannot open directory '/proc/2320/fdinfo': Permission denied
ls: cannot open directory '/proc/2320/map_files': Permission denied
ls: cannot open directory '/proc/2320/ns': Permission denied
ls: cannot open directory '/proc/2320/task/2320/fd': Permission denied
ls: cannot open directory '/proc/2320/task/2320/fdinfo': Permission denied
ls: cannot open directory '/proc/2320/task/2320/ns': Permission denied
ls: cannot open directory '/proc/235/fd': Permission denied
ls: cannot open directory '/proc/235/fdinfo': Permission denied
ls: cannot open directory '/proc/235/map_files': Permission denied
ls: cannot open directory '/proc/235/ns': Permission denied
ls: cannot open directory '/proc/235/task/235/fd': Permission denied
ls: cannot open directory '/proc/235/task/235/fdinfo': Permission denied
ls: cannot open directory '/proc/235/task/235/ns': Permission denied
ls: cannot open directory '/proc/237/fd': Permission denied
ls: cannot open directory '/proc/237/fdinfo': Permission denied
ls: cannot open directory '/proc/237/map_files': Permission denied
ls: cannot open directory '/proc/237/ns': Permission denied
ls: cannot open directory '/proc/237/task/237/fd': Permission denied
ls: cannot open directory '/proc/237/task/237/fdinfo': Permission denied
ls: cannot open directory '/proc/237/task/237/ns': Permission denied
ls: cannot open directory '/proc/239/fd': Permission denied
ls: cannot open directory '/proc/239/fdinfo': Permission denied
ls: cannot open directory '/proc/239/map_files': Permission denied
ls: cannot open directory '/proc/239/ns': Permission denied
ls: cannot open directory '/proc/239/task/239/fd': Permission denied
ls: cannot open directory '/proc/239/task/239/fdinfo': Permission denied
ls: cannot open directory '/proc/239/task/239/ns': Permission denied
ls: cannot open directory '/proc/24/fd': Permission denied
ls: cannot open directory '/proc/24/fdinfo': Permission denied
ls: cannot open directory '/proc/24/map_files': Permission denied
ls: cannot open directory '/proc/24/ns': Permission denied
ls: cannot open directory '/proc/24/task/24/fd': Permission denied
ls: cannot open directory '/proc/24/task/24/fdinfo': Permission denied
ls: cannot open directory '/proc/24/task/24/ns': Permission denied
ls: cannot open directory '/proc/2410/fd': Permission denied
ls: cannot open directory '/proc/2410/fdinfo': Permission denied
ls: cannot open directory '/proc/2410/map_files': Permission denied
ls: cannot open directory '/proc/2410/ns': Permission denied
ls: cannot open directory '/proc/2410/task/2410/fd': Permission denied
ls: cannot open directory '/proc/2410/task/2410/fdinfo': Permission denied
ls: cannot open directory '/proc/2410/task/2410/ns': Permission denied
ls: cannot open directory '/proc/243/fd': Permission denied
ls: cannot open directory '/proc/243/fdinfo': Permission denied
ls: cannot open directory '/proc/243/map_files': Permission denied
ls: cannot open directory '/proc/243/ns': Permission denied
ls: cannot open directory '/proc/243/task/243/fd': Permission denied
ls: cannot open directory '/proc/243/task/243/fdinfo': Permission denied
ls: cannot open directory '/proc/243/task/243/ns': Permission denied
ls: cannot open directory '/proc/25/fd': Permission denied
ls: cannot open directory '/proc/25/fdinfo': Permission denied
ls: cannot open directory '/proc/25/map_files': Permission denied
ls: cannot open directory '/proc/25/ns': Permission denied
ls: cannot open directory '/proc/25/task/25/fd': Permission denied
ls: cannot open directory '/proc/25/task/25/fdinfo': Permission denied
ls: cannot open directory '/proc/25/task/25/ns': Permission denied
ls: cannot open directory '/proc/250/fd': Permission denied
ls: cannot open directory '/proc/250/fdinfo': Permission denied
ls: cannot open directory '/proc/250/map_files': Permission denied
ls: cannot open directory '/proc/250/ns': Permission denied
ls: cannot open directory '/proc/250/task/250/fd': Permission denied
ls: cannot open directory '/proc/250/task/250/fdinfo': Permission denied
ls: cannot open directory '/proc/250/task/250/ns': Permission denied
ls: cannot open directory '/proc/251/fd': Permission denied
ls: cannot open directory '/proc/251/fdinfo': Permission denied
ls: cannot open directory '/proc/251/map_files': Permission denied
ls: cannot open directory '/proc/251/ns': Permission denied
ls: cannot open directory '/proc/251/task/251/fd': Permission denied
ls: cannot open directory '/proc/251/task/251/fdinfo': Permission denied
ls: cannot open directory '/proc/251/task/251/ns': Permission denied
ls: cannot open directory '/proc/252/fd': Permission denied
ls: cannot open directory '/proc/252/fdinfo': Permission denied
ls: cannot open directory '/proc/252/map_files': Permission denied
ls: cannot open directory '/proc/252/ns': Permission denied
ls: cannot open directory '/proc/252/task/252/fd': Permission denied
ls: cannot open directory '/proc/252/task/252/fdinfo': Permission denied
ls: cannot open directory '/proc/252/task/252/ns': Permission denied
ls: cannot open directory '/proc/253/fd': Permission denied
ls: cannot open directory '/proc/253/fdinfo': Permission denied
ls: cannot open directory '/proc/253/map_files': Permission denied
ls: cannot open directory '/proc/253/ns': Permission denied
ls: cannot open directory '/proc/253/task/253/fd': Permission denied
ls: cannot open directory '/proc/253/task/253/fdinfo': Permission denied
ls: cannot open directory '/proc/253/task/253/ns': Permission denied
ls: cannot open directory '/proc/254/fd': Permission denied
ls: cannot open directory '/proc/254/fdinfo': Permission denied
ls: cannot open directory '/proc/254/map_files': Permission denied
ls: cannot open directory '/proc/254/ns': Permission denied
ls: cannot open directory '/proc/254/task/254/fd': Permission denied
ls: cannot open directory '/proc/254/task/254/fdinfo': Permission denied
ls: cannot open directory '/proc/254/task/254/ns': Permission denied
ls: cannot open directory '/proc/255/fd': Permission denied
ls: cannot open directory '/proc/255/fdinfo': Permission denied
ls: cannot open directory '/proc/255/map_files': Permission denied
ls: cannot open directory '/proc/255/ns': Permission denied
ls: cannot open directory '/proc/255/task/255/fd': Permission denied
ls: cannot open directory '/proc/255/task/255/fdinfo': Permission denied
ls: cannot open directory '/proc/255/task/255/ns': Permission denied
ls: cannot open directory '/proc/2555/fd': Permission denied
ls: cannot open directory '/proc/2555/fdinfo': Permission denied
ls: cannot open directory '/proc/2555/map_files': Permission denied
ls: cannot open directory '/proc/2555/ns': Permission denied
ls: cannot open directory '/proc/2555/task/2555/fd': Permission denied
ls: cannot open directory '/proc/2555/task/2555/fdinfo': Permission denied
ls: cannot open directory '/proc/2555/task/2555/ns': Permission denied
ls: cannot open directory '/proc/2555/task/2558/fd': Permission denied
ls: cannot open directory '/proc/2555/task/2558/fdinfo': Permission denied
ls: cannot open directory '/proc/2555/task/2558/ns': Permission denied
ls: cannot open directory '/proc/2555/task/2570/fd': Permission denied
ls: cannot open directory '/proc/2555/task/2570/fdinfo': Permission denied
ls: cannot open directory '/proc/2555/task/2570/ns': Permission denied
ls: cannot open directory '/proc/2555/task/2688/fd': Permission denied
ls: cannot open directory '/proc/2555/task/2688/fdinfo': Permission denied
ls: cannot open directory '/proc/2555/task/2688/ns': Permission denied
ls: cannot open directory '/proc/2555/task/2689/fd': Permission denied
ls: cannot open directory '/proc/2555/task/2689/fdinfo': Permission denied
ls: cannot open directory '/proc/2555/task/2689/ns': Permission denied
ls: cannot open directory '/proc/2555/task/2690/fd': Permission denied
ls: cannot open directory '/proc/2555/task/2690/fdinfo': Permission denied
ls: cannot open directory '/proc/2555/task/2690/ns': Permission denied
ls: cannot open directory '/proc/2556/fd': Permission denied
ls: cannot open directory '/proc/2556/fdinfo': Permission denied
ls: cannot open directory '/proc/2556/map_files': Permission denied
ls: cannot open directory '/proc/2556/ns': Permission denied
ls: cannot open directory '/proc/2556/task/2556/fd': Permission denied
ls: cannot open directory '/proc/2556/task/2556/fdinfo': Permission denied
ls: cannot open directory '/proc/2556/task/2556/ns': Permission denied
ls: cannot open directory '/proc/2556/task/2561/fd': Permission denied
ls: cannot open directory '/proc/2556/task/2561/fdinfo': Permission denied
ls: cannot open directory '/proc/2556/task/2561/ns': Permission denied
ls: cannot open directory '/proc/2556/task/2564/fd': Permission denied
ls: cannot open directory '/proc/2556/task/2564/fdinfo': Permission denied
ls: cannot open directory '/proc/2556/task/2564/ns': Permission denied
ls: cannot open directory '/proc/2556/task/2565/fd': Permission denied
ls: cannot open directory '/proc/2556/task/2565/fdinfo': Permission denied
ls: cannot open directory '/proc/2556/task/2565/ns': Permission denied
ls: cannot open directory '/proc/2556/task/2566/fd': Permission denied
ls: cannot open directory '/proc/2556/task/2566/fdinfo': Permission denied
ls: cannot open directory '/proc/2556/task/2566/ns': Permission denied
ls: cannot open directory '/proc/2556/task/2567/fd': Permission denied
ls: cannot open directory '/proc/2556/task/2567/fdinfo': Permission denied
ls: cannot open directory '/proc/2556/task/2567/ns': Permission denied
ls: cannot open directory '/proc/2556/task/2594/fd': Permission denied
ls: cannot open directory '/proc/2556/task/2594/fdinfo': Permission denied
ls: cannot open directory '/proc/2556/task/2594/ns': Permission denied
ls: cannot open directory '/proc/256/fd': Permission denied
ls: cannot open directory '/proc/256/fdinfo': Permission denied
ls: cannot open directory '/proc/256/map_files': Permission denied
ls: cannot open directory '/proc/256/ns': Permission denied
ls: cannot open directory '/proc/256/task/256/fd': Permission denied
ls: cannot open directory '/proc/256/task/256/fdinfo': Permission denied
ls: cannot open directory '/proc/256/task/256/ns': Permission denied
ls: cannot open directory '/proc/26/fd': Permission denied
ls: cannot open directory '/proc/26/fdinfo': Permission denied
ls: cannot open directory '/proc/26/map_files': Permission denied
ls: cannot open directory '/proc/26/ns': Permission denied
ls: cannot open directory '/proc/26/task/26/fd': Permission denied
ls: cannot open directory '/proc/26/task/26/fdinfo': Permission denied
ls: cannot open directory '/proc/26/task/26/ns': Permission denied
ls: cannot open directory '/proc/27/fd': Permission denied
ls: cannot open directory '/proc/27/fdinfo': Permission denied
ls: cannot open directory '/proc/27/map_files': Permission denied
ls: cannot open directory '/proc/27/ns': Permission denied
ls: cannot open directory '/proc/27/task/27/fd': Permission denied
ls: cannot open directory '/proc/27/task/27/fdinfo': Permission denied
ls: cannot open directory '/proc/27/task/27/ns': Permission denied
ls: cannot open directory '/proc/270/fd': Permission denied
ls: cannot open directory '/proc/270/fdinfo': Permission denied
ls: cannot open directory '/proc/270/map_files': Permission denied
ls: cannot open directory '/proc/270/ns': Permission denied
ls: cannot open directory '/proc/270/task/270/fd': Permission denied
ls: cannot open directory '/proc/270/task/270/fdinfo': Permission denied
ls: cannot open directory '/proc/270/task/270/ns': Permission denied
ls: cannot open directory '/proc/271/fd': Permission denied
ls: cannot open directory '/proc/271/fdinfo': Permission denied
ls: cannot open directory '/proc/271/map_files': Permission denied
ls: cannot open directory '/proc/271/ns': Permission denied
ls: cannot open directory '/proc/271/task/271/fd': Permission denied
ls: cannot open directory '/proc/271/task/271/fdinfo': Permission denied
ls: cannot open directory '/proc/271/task/271/ns': Permission denied
ls: cannot open directory '/proc/273/fd': Permission denied
ls: cannot open directory '/proc/273/fdinfo': Permission denied
ls: cannot open directory '/proc/273/map_files': Permission denied
ls: cannot open directory '/proc/273/ns': Permission denied
ls: cannot open directory '/proc/273/task/273/fd': Permission denied
ls: cannot open directory '/proc/273/task/273/fdinfo': Permission denied
ls: cannot open directory '/proc/273/task/273/ns': Permission denied
ls: cannot open directory '/proc/275/fd': Permission denied
ls: cannot open directory '/proc/275/fdinfo': Permission denied
ls: cannot open directory '/proc/275/map_files': Permission denied
ls: cannot open directory '/proc/275/ns': Permission denied
ls: cannot open directory '/proc/275/task/275/fd': Permission denied
ls: cannot open directory '/proc/275/task/275/fdinfo': Permission denied
ls: cannot open directory '/proc/275/task/275/ns': Permission denied
ls: cannot open directory '/proc/277/fd': Permission denied
ls: cannot open directory '/proc/277/fdinfo': Permission denied
ls: cannot open directory '/proc/277/map_files': Permission denied
ls: cannot open directory '/proc/277/ns': Permission denied
ls: cannot open directory '/proc/277/task/277/fd': Permission denied
ls: cannot open directory '/proc/277/task/277/fdinfo': Permission denied
ls: cannot open directory '/proc/277/task/277/ns': Permission denied
ls: cannot open directory '/proc/278/fd': Permission denied
ls: cannot open directory '/proc/278/fdinfo': Permission denied
ls: cannot open directory '/proc/278/map_files': Permission denied
ls: cannot open directory '/proc/278/ns': Permission denied
ls: cannot open directory '/proc/278/task/278/fd': Permission denied
ls: cannot open directory '/proc/278/task/278/fdinfo': Permission denied
ls: cannot open directory '/proc/278/task/278/ns': Permission denied
ls: cannot open directory '/proc/2784/fd': Permission denied
ls: cannot open directory '/proc/2784/fdinfo': Permission denied
ls: cannot open directory '/proc/2784/map_files': Permission denied
ls: cannot open directory '/proc/2784/ns': Permission denied
ls: cannot open directory '/proc/2784/task/2784/fd': Permission denied
ls: cannot open directory '/proc/2784/task/2784/fdinfo': Permission denied
ls: cannot open directory '/proc/2784/task/2784/ns': Permission denied
ls: cannot open directory '/proc/279/fd': Permission denied
ls: cannot open directory '/proc/279/fdinfo': Permission denied
ls: cannot open directory '/proc/279/map_files': Permission denied
ls: cannot open directory '/proc/279/ns': Permission denied
ls: cannot open directory '/proc/279/task/279/fd': Permission denied
ls: cannot open directory '/proc/279/task/279/fdinfo': Permission denied
ls: cannot open directory '/proc/279/task/279/ns': Permission denied
ls: cannot open directory '/proc/2790/fd': Permission denied
ls: cannot open directory '/proc/2790/fdinfo': Permission denied
ls: cannot open directory '/proc/2790/map_files': Permission denied
ls: cannot open directory '/proc/2790/ns': Permission denied
ls: cannot open directory '/proc/2790/task/2790/fd': Permission denied
ls: cannot open directory '/proc/2790/task/2790/fdinfo': Permission denied
ls: cannot open directory '/proc/2790/task/2790/ns': Permission denied
ls: cannot open directory '/proc/2794/fd': Permission denied
ls: cannot open directory '/proc/2794/fdinfo': Permission denied
ls: cannot open directory '/proc/2794/map_files': Permission denied
ls: cannot open directory '/proc/2794/ns': Permission denied
ls: cannot open directory '/proc/2794/task/2794/fd': Permission denied
ls: cannot open directory '/proc/2794/task/2794/fdinfo': Permission denied
ls: cannot open directory '/proc/2794/task/2794/ns': Permission denied
ls: cannot open directory '/proc/2796/fd': Permission denied
ls: cannot open directory '/proc/2796/fdinfo': Permission denied
ls: cannot open directory '/proc/2796/map_files': Permission denied
ls: cannot open directory '/proc/2796/ns': Permission denied
ls: cannot open directory '/proc/2796/task/2796/fd': Permission denied
ls: cannot open directory '/proc/2796/task/2796/fdinfo': Permission denied
ls: cannot open directory '/proc/2796/task/2796/ns': Permission denied
ls: cannot open directory '/proc/280/fd': Permission denied
ls: cannot open directory '/proc/280/fdinfo': Permission denied
ls: cannot open directory '/proc/280/map_files': Permission denied
ls: cannot open directory '/proc/280/ns': Permission denied
ls: cannot open directory '/proc/280/task/280/fd': Permission denied
ls: cannot open directory '/proc/280/task/280/fdinfo': Permission denied
ls: cannot open directory '/proc/280/task/280/ns': Permission denied
ls: cannot open directory '/proc/283/fd': Permission denied
ls: cannot open directory '/proc/283/fdinfo': Permission denied
ls: cannot open directory '/proc/283/map_files': Permission denied
ls: cannot open directory '/proc/283/ns': Permission denied
ls: cannot open directory '/proc/283/task/283/fd': Permission denied
ls: cannot open directory '/proc/283/task/283/fdinfo': Permission denied
ls: cannot open directory '/proc/283/task/283/ns': Permission denied
ls: cannot open directory '/proc/284/fd': Permission denied
ls: cannot open directory '/proc/284/fdinfo': Permission denied
ls: cannot open directory '/proc/284/map_files': Permission denied
ls: cannot open directory '/proc/284/ns': Permission denied
ls: cannot open directory '/proc/284/task/284/fd': Permission denied
ls: cannot open directory '/proc/284/task/284/fdinfo': Permission denied
ls: cannot open directory '/proc/284/task/284/ns': Permission denied
ls: cannot open directory '/proc/285/fd': Permission denied
ls: cannot open directory '/proc/285/fdinfo': Permission denied
ls: cannot open directory '/proc/285/map_files': Permission denied
ls: cannot open directory '/proc/285/ns': Permission denied
ls: cannot open directory '/proc/285/task/285/fd': Permission denied
ls: cannot open directory '/proc/285/task/285/fdinfo': Permission denied
ls: cannot open directory '/proc/285/task/285/ns': Permission denied
ls: cannot open directory '/proc/286/fd': Permission denied
ls: cannot open directory '/proc/286/fdinfo': Permission denied
ls: cannot open directory '/proc/286/map_files': Permission denied
ls: cannot open directory '/proc/286/ns': Permission denied
ls: cannot open directory '/proc/286/task/286/fd': Permission denied
ls: cannot open directory '/proc/286/task/286/fdinfo': Permission denied
ls: cannot open directory '/proc/286/task/286/ns': Permission denied
ls: cannot open directory '/proc/287/fd': Permission denied
ls: cannot open directory '/proc/287/fdinfo': Permission denied
ls: cannot open directory '/proc/287/map_files': Permission denied
ls: cannot open directory '/proc/287/ns': Permission denied
ls: cannot open directory '/proc/287/task/287/fd': Permission denied
ls: cannot open directory '/proc/287/task/287/fdinfo': Permission denied
ls: cannot open directory '/proc/287/task/287/ns': Permission denied
ls: cannot open directory '/proc/288/fd': Permission denied
ls: cannot open directory '/proc/288/fdinfo': Permission denied
ls: cannot open directory '/proc/288/map_files': Permission denied
ls: cannot open directory '/proc/288/ns': Permission denied
ls: cannot open directory '/proc/288/task/288/fd': Permission denied
ls: cannot open directory '/proc/288/task/288/fdinfo': Permission denied
ls: cannot open directory '/proc/288/task/288/ns': Permission denied
ls: cannot open directory '/proc/29/fd': Permission denied
ls: cannot open directory '/proc/29/fdinfo': Permission denied
ls: cannot open directory '/proc/29/map_files': Permission denied
ls: cannot open directory '/proc/29/ns': Permission denied
ls: cannot open directory '/proc/29/task/29/fd': Permission denied
ls: cannot open directory '/proc/29/task/29/fdinfo': Permission denied
ls: cannot open directory '/proc/29/task/29/ns': Permission denied
ls: cannot open directory '/proc/291/fd': Permission denied
ls: cannot open directory '/proc/291/fdinfo': Permission denied
ls: cannot open directory '/proc/291/map_files': Permission denied
ls: cannot open directory '/proc/291/ns': Permission denied
ls: cannot open directory '/proc/291/task/291/fd': Permission denied
ls: cannot open directory '/proc/291/task/291/fdinfo': Permission denied
ls: cannot open directory '/proc/291/task/291/ns': Permission denied
ls: cannot open directory '/proc/292/fd': Permission denied
ls: cannot open directory '/proc/292/fdinfo': Permission denied
ls: cannot open directory '/proc/292/map_files': Permission denied
ls: cannot open directory '/proc/292/ns': Permission denied
ls: cannot open directory '/proc/292/task/292/fd': Permission denied
ls: cannot open directory '/proc/292/task/292/fdinfo': Permission denied
ls: cannot open directory '/proc/292/task/292/ns': Permission denied
ls: cannot open directory '/proc/3/fd': Permission denied
ls: cannot open directory '/proc/3/fdinfo': Permission denied
ls: cannot open directory '/proc/3/map_files': Permission denied
ls: cannot open directory '/proc/3/ns': Permission denied
ls: cannot open directory '/proc/3/task/3/fd': Permission denied
ls: cannot open directory '/proc/3/task/3/fdinfo': Permission denied
ls: cannot open directory '/proc/3/task/3/ns': Permission denied
ls: cannot open directory '/proc/30/fd': Permission denied
ls: cannot open directory '/proc/30/fdinfo': Permission denied
ls: cannot open directory '/proc/30/map_files': Permission denied
ls: cannot open directory '/proc/30/ns': Permission denied
ls: cannot open directory '/proc/30/task/30/fd': Permission denied
ls: cannot open directory '/proc/30/task/30/fdinfo': Permission denied
ls: cannot open directory '/proc/30/task/30/ns': Permission denied
ls: cannot open directory '/proc/31/fd': Permission denied
ls: cannot open directory '/proc/31/fdinfo': Permission denied
ls: cannot open directory '/proc/31/map_files': Permission denied
ls: cannot open directory '/proc/31/ns': Permission denied
ls: cannot open directory '/proc/31/task/31/fd': Permission denied
ls: cannot open directory '/proc/31/task/31/fdinfo': Permission denied
ls: cannot open directory '/proc/31/task/31/ns': Permission denied
ls: cannot open directory '/proc/32/fd': Permission denied
ls: cannot open directory '/proc/32/fdinfo': Permission denied
ls: cannot open directory '/proc/32/map_files': Permission denied
ls: cannot open directory '/proc/32/ns': Permission denied
ls: cannot open directory '/proc/32/task/32/fd': Permission denied
ls: cannot open directory '/proc/32/task/32/fdinfo': Permission denied
ls: cannot open directory '/proc/32/task/32/ns': Permission denied
ls: cannot open directory '/proc/33/fd': Permission denied
ls: cannot open directory '/proc/33/fdinfo': Permission denied
ls: cannot open directory '/proc/33/map_files': Permission denied
ls: cannot open directory '/proc/33/ns': Permission denied
ls: cannot open directory '/proc/33/task/33/fd': Permission denied
ls: cannot open directory '/proc/33/task/33/fdinfo': Permission denied
ls: cannot open directory '/proc/33/task/33/ns': Permission denied
ls: cannot open directory '/proc/333/fd': Permission denied
ls: cannot open directory '/proc/333/fdinfo': Permission denied
ls: cannot open directory '/proc/333/map_files': Permission denied
ls: cannot open directory '/proc/333/ns': Permission denied
ls: cannot open directory '/proc/333/task/333/fd': Permission denied
ls: cannot open directory '/proc/333/task/333/fdinfo': Permission denied
ls: cannot open directory '/proc/333/task/333/ns': Permission denied
ls: cannot open directory '/proc/335/fd': Permission denied
ls: cannot open directory '/proc/335/fdinfo': Permission denied
ls: cannot open directory '/proc/335/map_files': Permission denied
ls: cannot open directory '/proc/335/ns': Permission denied
ls: cannot open directory '/proc/335/task/335/fd': Permission denied
ls: cannot open directory '/proc/335/task/335/fdinfo': Permission denied
ls: cannot open directory '/proc/335/task/335/ns': Permission denied
ls: cannot open directory '/proc/336/fd': Permission denied
ls: cannot open directory '/proc/336/fdinfo': Permission denied
ls: cannot open directory '/proc/336/map_files': Permission denied
ls: cannot open directory '/proc/336/ns': Permission denied
ls: cannot open directory '/proc/336/task/336/fd': Permission denied
ls: cannot open directory '/proc/336/task/336/fdinfo': Permission denied
ls: cannot open directory '/proc/336/task/336/ns': Permission denied
ls: cannot open directory '/proc/338/fd': Permission denied
ls: cannot open directory '/proc/338/fdinfo': Permission denied
ls: cannot open directory '/proc/338/map_files': Permission denied
ls: cannot open directory '/proc/338/ns': Permission denied
ls: cannot open directory '/proc/338/task/338/fd': Permission denied
ls: cannot open directory '/proc/338/task/338/fdinfo': Permission denied
ls: cannot open directory '/proc/338/task/338/ns': Permission denied
ls: cannot open directory '/proc/35/fd': Permission denied
ls: cannot open directory '/proc/35/fdinfo': Permission denied
ls: cannot open directory '/proc/35/map_files': Permission denied
ls: cannot open directory '/proc/35/ns': Permission denied
ls: cannot open directory '/proc/35/task/35/fd': Permission denied
ls: cannot open directory '/proc/35/task/35/fdinfo': Permission denied
ls: cannot open directory '/proc/35/task/35/ns': Permission denied
ls: cannot open directory '/proc/359/fd': Permission denied
ls: cannot open directory '/proc/359/fdinfo': Permission denied
ls: cannot open directory '/proc/359/map_files': Permission denied
ls: cannot open directory '/proc/359/ns': Permission denied
ls: cannot open directory '/proc/359/task/359/fd': Permission denied
ls: cannot open directory '/proc/359/task/359/fdinfo': Permission denied
ls: cannot open directory '/proc/359/task/359/ns': Permission denied
ls: cannot open directory '/proc/36/fd': Permission denied
ls: cannot open directory '/proc/36/fdinfo': Permission denied
ls: cannot open directory '/proc/36/map_files': Permission denied
ls: cannot open directory '/proc/36/ns': Permission denied
ls: cannot open directory '/proc/36/task/36/fd': Permission denied
ls: cannot open directory '/proc/36/task/36/fdinfo': Permission denied
ls: cannot open directory '/proc/36/task/36/ns': Permission denied
ls: cannot open directory '/proc/360/fd': Permission denied
ls: cannot open directory '/proc/360/fdinfo': Permission denied
ls: cannot open directory '/proc/360/map_files': Permission denied
ls: cannot open directory '/proc/360/ns': Permission denied
ls: cannot open directory '/proc/360/task/360/fd': Permission denied
ls: cannot open directory '/proc/360/task/360/fdinfo': Permission denied
ls: cannot open directory '/proc/360/task/360/ns': Permission denied
ls: cannot open directory '/proc/361/fd': Permission denied
ls: cannot open directory '/proc/361/fdinfo': Permission denied
ls: cannot open directory '/proc/361/map_files': Permission denied
ls: cannot open directory '/proc/361/ns': Permission denied
ls: cannot open directory '/proc/361/task/361/fd': Permission denied
ls: cannot open directory '/proc/361/task/361/fdinfo': Permission denied
ls: cannot open directory '/proc/361/task/361/ns': Permission denied
ls: cannot open directory '/proc/367/fd': Permission denied
ls: cannot open directory '/proc/367/fdinfo': Permission denied
ls: cannot open directory '/proc/367/map_files': Permission denied
ls: cannot open directory '/proc/367/ns': Permission denied
ls: cannot open directory '/proc/367/task/367/fd': Permission denied
ls: cannot open directory '/proc/367/task/367/fdinfo': Permission denied
ls: cannot open directory '/proc/367/task/367/ns': Permission denied
ls: cannot open directory '/proc/37/fd': Permission denied
ls: cannot open directory '/proc/37/fdinfo': Permission denied
ls: cannot open directory '/proc/37/map_files': Permission denied
ls: cannot open directory '/proc/37/ns': Permission denied
ls: cannot open directory '/proc/37/task/37/fd': Permission denied
ls: cannot open directory '/proc/37/task/37/fdinfo': Permission denied
ls: cannot open directory '/proc/37/task/37/ns': Permission denied
ls: cannot open directory '/proc/38/fd': Permission denied
ls: cannot open directory '/proc/38/fdinfo': Permission denied
ls: cannot open directory '/proc/38/map_files': Permission denied
ls: cannot open directory '/proc/38/ns': Permission denied
ls: cannot open directory '/proc/38/task/38/fd': Permission denied
ls: cannot open directory '/proc/38/task/38/fdinfo': Permission denied
ls: cannot open directory '/proc/38/task/38/ns': Permission denied
ls: cannot open directory '/proc/39/fd': Permission denied
ls: cannot open directory '/proc/39/fdinfo': Permission denied
ls: cannot open directory '/proc/39/map_files': Permission denied
ls: cannot open directory '/proc/39/ns': Permission denied
ls: cannot open directory '/proc/39/task/39/fd': Permission denied
ls: cannot open directory '/proc/39/task/39/fdinfo': Permission denied
ls: cannot open directory '/proc/39/task/39/ns': Permission denied
ls: cannot open directory '/proc/392/fd': Permission denied
ls: cannot open directory '/proc/392/fdinfo': Permission denied
ls: cannot open directory '/proc/392/map_files': Permission denied
ls: cannot open directory '/proc/392/ns': Permission denied
ls: cannot open directory '/proc/392/task/392/fd': Permission denied
ls: cannot open directory '/proc/392/task/392/fdinfo': Permission denied
ls: cannot open directory '/proc/392/task/392/ns': Permission denied
ls: cannot open directory '/proc/4/fd': Permission denied
ls: cannot open directory '/proc/4/fdinfo': Permission denied
ls: cannot open directory '/proc/4/map_files': Permission denied
ls: cannot open directory '/proc/4/ns': Permission denied
ls: cannot open directory '/proc/4/task/4/fd': Permission denied
ls: cannot open directory '/proc/4/task/4/fdinfo': Permission denied
ls: cannot open directory '/proc/4/task/4/ns': Permission denied
ls: cannot open directory '/proc/41/fd': Permission denied
ls: cannot open directory '/proc/41/fdinfo': Permission denied
ls: cannot open directory '/proc/41/map_files': Permission denied
ls: cannot open directory '/proc/41/ns': Permission denied
ls: cannot open directory '/proc/41/task/41/fd': Permission denied
ls: cannot open directory '/proc/41/task/41/fdinfo': Permission denied
ls: cannot open directory '/proc/41/task/41/ns': Permission denied
ls: cannot open directory '/proc/42/fd': Permission denied
ls: cannot open directory '/proc/42/fdinfo': Permission denied
ls: cannot open directory '/proc/42/map_files': Permission denied
ls: cannot open directory '/proc/42/ns': Permission denied
ls: cannot open directory '/proc/42/task/42/fd': Permission denied
ls: cannot open directory '/proc/42/task/42/fdinfo': Permission denied
ls: cannot open directory '/proc/42/task/42/ns': Permission denied
ls: cannot open directory '/proc/43/fd': Permission denied
ls: cannot open directory '/proc/43/fdinfo': Permission denied
ls: cannot open directory '/proc/43/map_files': Permission denied
ls: cannot open directory '/proc/43/ns': Permission denied
ls: cannot open directory '/proc/43/task/43/fd': Permission denied
ls: cannot open directory '/proc/43/task/43/fdinfo': Permission denied
ls: cannot open directory '/proc/43/task/43/ns': Permission denied
ls: cannot open directory '/proc/438/fd': Permission denied
ls: cannot open directory '/proc/438/fdinfo': Permission denied
ls: cannot open directory '/proc/438/map_files': Permission denied
ls: cannot open directory '/proc/438/ns': Permission denied
ls: cannot open directory '/proc/438/task/438/fd': Permission denied
ls: cannot open directory '/proc/438/task/438/fdinfo': Permission denied
ls: cannot open directory '/proc/438/task/438/ns': Permission denied
ls: cannot open directory '/proc/439/fd': Permission denied
ls: cannot open directory '/proc/439/fdinfo': Permission denied
ls: cannot open directory '/proc/439/map_files': Permission denied
ls: cannot open directory '/proc/439/ns': Permission denied
ls: cannot open directory '/proc/439/task/439/fd': Permission denied
ls: cannot open directory '/proc/439/task/439/fdinfo': Permission denied
ls: cannot open directory '/proc/439/task/439/ns': Permission denied
ls: cannot open directory '/proc/44/fd': Permission denied
ls: cannot open directory '/proc/44/fdinfo': Permission denied
ls: cannot open directory '/proc/44/map_files': Permission denied
ls: cannot open directory '/proc/44/ns': Permission denied
ls: cannot open directory '/proc/44/task/44/fd': Permission denied
ls: cannot open directory '/proc/44/task/44/fdinfo': Permission denied
ls: cannot open directory '/proc/44/task/44/ns': Permission denied
ls: cannot open directory '/proc/45/fd': Permission denied
ls: cannot open directory '/proc/45/fdinfo': Permission denied
ls: cannot open directory '/proc/45/map_files': Permission denied
ls: cannot open directory '/proc/45/ns': Permission denied
ls: cannot open directory '/proc/45/task/45/fd': Permission denied
ls: cannot open directory '/proc/45/task/45/fdinfo': Permission denied
ls: cannot open directory '/proc/45/task/45/ns': Permission denied
ls: cannot open directory '/proc/47/fd': Permission denied
ls: cannot open directory '/proc/47/fdinfo': Permission denied
ls: cannot open directory '/proc/47/map_files': Permission denied
ls: cannot open directory '/proc/47/ns': Permission denied
ls: cannot open directory '/proc/47/task/47/fd': Permission denied
ls: cannot open directory '/proc/47/task/47/fdinfo': Permission denied
ls: cannot open directory '/proc/47/task/47/ns': Permission denied
ls: cannot open directory '/proc/48/fd': Permission denied
ls: cannot open directory '/proc/48/fdinfo': Permission denied
ls: cannot open directory '/proc/48/map_files': Permission denied
ls: cannot open directory '/proc/48/ns': Permission denied
ls: cannot open directory '/proc/48/task/48/fd': Permission denied
ls: cannot open directory '/proc/48/task/48/fdinfo': Permission denied
ls: cannot open directory '/proc/48/task/48/ns': Permission denied
ls: cannot open directory '/proc/49/fd': Permission denied
ls: cannot open directory '/proc/49/fdinfo': Permission denied
ls: cannot open directory '/proc/49/map_files': Permission denied
ls: cannot open directory '/proc/49/ns': Permission denied
ls: cannot open directory '/proc/49/task/49/fd': Permission denied
ls: cannot open directory '/proc/49/task/49/fdinfo': Permission denied
ls: cannot open directory '/proc/49/task/49/ns': Permission denied
ls: cannot open directory '/proc/490/fd': Permission denied
ls: cannot open directory '/proc/490/fdinfo': Permission denied
ls: cannot open directory '/proc/490/map_files': Permission denied
ls: cannot open directory '/proc/490/ns': Permission denied
ls: cannot open directory '/proc/490/task/490/fd': Permission denied
ls: cannot open directory '/proc/490/task/490/fdinfo': Permission denied
ls: cannot open directory '/proc/490/task/490/ns': Permission denied
ls: cannot open directory '/proc/5/fd': Permission denied
ls: cannot open directory '/proc/5/fdinfo': Permission denied
ls: cannot open directory '/proc/5/map_files': Permission denied
ls: cannot open directory '/proc/5/ns': Permission denied
ls: cannot open directory '/proc/5/task/5/fd': Permission denied
ls: cannot open directory '/proc/5/task/5/fdinfo': Permission denied
ls: cannot open directory '/proc/5/task/5/ns': Permission denied
ls: cannot open directory '/proc/50/fd': Permission denied
ls: cannot open directory '/proc/50/fdinfo': Permission denied
ls: cannot open directory '/proc/50/map_files': Permission denied
ls: cannot open directory '/proc/50/ns': Permission denied
ls: cannot open directory '/proc/50/task/50/fd': Permission denied
ls: cannot open directory '/proc/50/task/50/fdinfo': Permission denied
ls: cannot open directory '/proc/50/task/50/ns': Permission denied
ls: cannot open directory '/proc/51/fd': Permission denied
ls: cannot open directory '/proc/51/fdinfo': Permission denied
ls: cannot open directory '/proc/51/map_files': Permission denied
ls: cannot open directory '/proc/51/ns': Permission denied
ls: cannot open directory '/proc/51/task/51/fd': Permission denied
ls: cannot open directory '/proc/51/task/51/fdinfo': Permission denied
ls: cannot open directory '/proc/51/task/51/ns': Permission denied
ls: cannot open directory '/proc/53/fd': Permission denied
ls: cannot open directory '/proc/53/fdinfo': Permission denied
ls: cannot open directory '/proc/53/map_files': Permission denied
ls: cannot open directory '/proc/53/ns': Permission denied
ls: cannot open directory '/proc/53/task/53/fd': Permission denied
ls: cannot open directory '/proc/53/task/53/fdinfo': Permission denied
ls: cannot open directory '/proc/53/task/53/ns': Permission denied
ls: cannot open directory '/proc/54/fd': Permission denied
ls: cannot open directory '/proc/54/fdinfo': Permission denied
ls: cannot open directory '/proc/54/map_files': Permission denied
ls: cannot open directory '/proc/54/ns': Permission denied
ls: cannot open directory '/proc/54/task/54/fd': Permission denied
ls: cannot open directory '/proc/54/task/54/fdinfo': Permission denied
ls: cannot open directory '/proc/54/task/54/ns': Permission denied
ls: cannot open directory '/proc/55/fd': Permission denied
ls: cannot open directory '/proc/55/fdinfo': Permission denied
ls: cannot open directory '/proc/55/map_files': Permission denied
ls: cannot open directory '/proc/55/ns': Permission denied
ls: cannot open directory '/proc/55/task/55/fd': Permission denied
ls: cannot open directory '/proc/55/task/55/fdinfo': Permission denied
ls: cannot open directory '/proc/55/task/55/ns': Permission denied
ls: cannot open directory '/proc/550/fd': Permission denied
ls: cannot open directory '/proc/550/fdinfo': Permission denied
ls: cannot open directory '/proc/550/map_files': Permission denied
ls: cannot open directory '/proc/550/ns': Permission denied
ls: cannot open directory '/proc/550/task/550/fd': Permission denied
ls: cannot open directory '/proc/550/task/550/fdinfo': Permission denied
ls: cannot open directory '/proc/550/task/550/ns': Permission denied
ls: cannot open directory '/proc/557/fd': Permission denied
ls: cannot open directory '/proc/557/fdinfo': Permission denied
ls: cannot open directory '/proc/557/map_files': Permission denied
ls: cannot open directory '/proc/557/ns': Permission denied
ls: cannot open directory '/proc/557/task/557/fd': Permission denied
ls: cannot open directory '/proc/557/task/557/fdinfo': Permission denied
ls: cannot open directory '/proc/557/task/557/ns': Permission denied
ls: cannot open directory '/proc/56/fd': Permission denied
ls: cannot open directory '/proc/56/fdinfo': Permission denied
ls: cannot open directory '/proc/56/map_files': Permission denied
ls: cannot open directory '/proc/56/ns': Permission denied
ls: cannot open directory '/proc/56/task/56/fd': Permission denied
ls: cannot open directory '/proc/56/task/56/fdinfo': Permission denied
ls: cannot open directory '/proc/56/task/56/ns': Permission denied
ls: cannot open directory '/proc/57/fd': Permission denied
ls: cannot open directory '/proc/57/fdinfo': Permission denied
ls: cannot open directory '/proc/57/map_files': Permission denied
ls: cannot open directory '/proc/57/ns': Permission denied
ls: cannot open directory '/proc/57/task/57/fd': Permission denied
ls: cannot open directory '/proc/57/task/57/fdinfo': Permission denied
ls: cannot open directory '/proc/57/task/57/ns': Permission denied
ls: cannot open directory '/proc/59/fd': Permission denied
ls: cannot open directory '/proc/59/fdinfo': Permission denied
ls: cannot open directory '/proc/59/map_files': Permission denied
ls: cannot open directory '/proc/59/ns': Permission denied
ls: cannot open directory '/proc/59/task/59/fd': Permission denied
ls: cannot open directory '/proc/59/task/59/fdinfo': Permission denied
ls: cannot open directory '/proc/59/task/59/ns': Permission denied
ls: cannot open directory '/proc/6/fd': Permission denied
ls: cannot open directory '/proc/6/fdinfo': Permission denied
ls: cannot open directory '/proc/6/map_files': Permission denied
ls: cannot open directory '/proc/6/ns': Permission denied
ls: cannot open directory '/proc/6/task/6/fd': Permission denied
ls: cannot open directory '/proc/6/task/6/fdinfo': Permission denied
ls: cannot open directory '/proc/6/task/6/ns': Permission denied
ls: cannot open directory '/proc/60/fd': Permission denied
ls: cannot open directory '/proc/60/fdinfo': Permission denied
ls: cannot open directory '/proc/60/map_files': Permission denied
ls: cannot open directory '/proc/60/ns': Permission denied
ls: cannot open directory '/proc/60/task/60/fd': Permission denied
ls: cannot open directory '/proc/60/task/60/fdinfo': Permission denied
ls: cannot open directory '/proc/60/task/60/ns': Permission denied
ls: cannot open directory '/proc/61/fd': Permission denied
ls: cannot open directory '/proc/61/fdinfo': Permission denied
ls: cannot open directory '/proc/61/map_files': Permission denied
ls: cannot open directory '/proc/61/ns': Permission denied
ls: cannot open directory '/proc/61/task/61/fd': Permission denied
ls: cannot open directory '/proc/61/task/61/fdinfo': Permission denied
ls: cannot open directory '/proc/61/task/61/ns': Permission denied
ls: cannot open directory '/proc/62/fd': Permission denied
ls: cannot open directory '/proc/62/fdinfo': Permission denied
ls: cannot open directory '/proc/62/map_files': Permission denied
ls: cannot open directory '/proc/62/ns': Permission denied
ls: cannot open directory '/proc/62/task/62/fd': Permission denied
ls: cannot open directory '/proc/62/task/62/fdinfo': Permission denied
ls: cannot open directory '/proc/62/task/62/ns': Permission denied
ls: cannot open directory '/proc/63/fd': Permission denied
ls: cannot open directory '/proc/63/fdinfo': Permission denied
ls: cannot open directory '/proc/63/map_files': Permission denied
ls: cannot open directory '/proc/63/ns': Permission denied
ls: cannot open directory '/proc/63/task/63/fd': Permission denied
ls: cannot open directory '/proc/63/task/63/fdinfo': Permission denied
ls: cannot open directory '/proc/63/task/63/ns': Permission denied
ls: cannot open directory '/proc/65/fd': Permission denied
ls: cannot open directory '/proc/65/fdinfo': Permission denied
ls: cannot open directory '/proc/65/map_files': Permission denied
ls: cannot open directory '/proc/65/ns': Permission denied
ls: cannot open directory '/proc/65/task/65/fd': Permission denied
ls: cannot open directory '/proc/65/task/65/fdinfo': Permission denied
ls: cannot open directory '/proc/65/task/65/ns': Permission denied
ls: cannot open directory '/proc/65075/fd': Permission denied
ls: cannot open directory '/proc/65075/fdinfo': Permission denied
ls: cannot open directory '/proc/65075/map_files': Permission denied
ls: cannot open directory '/proc/65075/ns': Permission denied
ls: cannot open directory '/proc/65075/task/65075/fd': Permission denied
ls: cannot open directory '/proc/65075/task/65075/fdinfo': Permission denied
ls: cannot open directory '/proc/65075/task/65075/ns': Permission denied
ls: cannot open directory '/proc/65075/task/65117/fd': Permission denied
ls: cannot open directory '/proc/65075/task/65117/fdinfo': Permission denied
ls: cannot open directory '/proc/65075/task/65117/ns': Permission denied
ls: cannot open directory '/proc/65075/task/65140/fd': Permission denied
ls: cannot open directory '/proc/65075/task/65140/fdinfo': Permission denied
ls: cannot open directory '/proc/65075/task/65140/ns': Permission denied
ls: cannot open directory '/proc/65075/task/65142/fd': Permission denied
ls: cannot open directory '/proc/65075/task/65142/fdinfo': Permission denied
ls: cannot open directory '/proc/65075/task/65142/ns': Permission denied
ls: cannot open directory '/proc/65075/task/65143/fd': Permission denied
ls: cannot open directory '/proc/65075/task/65143/fdinfo': Permission denied
ls: cannot open directory '/proc/65075/task/65143/ns': Permission denied
ls: cannot open directory '/proc/65075/task/65145/fd': Permission denied
ls: cannot open directory '/proc/65075/task/65145/fdinfo': Permission denied
ls: cannot open directory '/proc/65075/task/65145/ns': Permission denied
ls: cannot open directory '/proc/66/fd': Permission denied
ls: cannot open directory '/proc/66/fdinfo': Permission denied
ls: cannot open directory '/proc/66/map_files': Permission denied
ls: cannot open directory '/proc/66/ns': Permission denied
ls: cannot open directory '/proc/66/task/66/fd': Permission denied
ls: cannot open directory '/proc/66/task/66/fdinfo': Permission denied
ls: cannot open directory '/proc/66/task/66/ns': Permission denied
ls: cannot open directory '/proc/66392/fd': Permission denied
ls: cannot open directory '/proc/66392/fdinfo': Permission denied
ls: cannot open directory '/proc/66392/map_files': Permission denied
ls: cannot open directory '/proc/66392/ns': Permission denied
ls: cannot open directory '/proc/66392/task/66392/fd': Permission denied
ls: cannot open directory '/proc/66392/task/66392/fdinfo': Permission denied
ls: cannot open directory '/proc/66392/task/66392/ns': Permission denied
ls: cannot open directory '/proc/67/fd': Permission denied
ls: cannot open directory '/proc/67/fdinfo': Permission denied
ls: cannot open directory '/proc/67/map_files': Permission denied
ls: cannot open directory '/proc/67/ns': Permission denied
ls: cannot open directory '/proc/67/task/67/fd': Permission denied
ls: cannot open directory '/proc/67/task/67/fdinfo': Permission denied
ls: cannot open directory '/proc/67/task/67/ns': Permission denied
ls: cannot open directory '/proc/68/fd': Permission denied
ls: cannot open directory '/proc/68/fdinfo': Permission denied
ls: cannot open directory '/proc/68/map_files': Permission denied
ls: cannot open directory '/proc/68/ns': Permission denied
ls: cannot open directory '/proc/68/task/68/fd': Permission denied
ls: cannot open directory '/proc/68/task/68/fdinfo': Permission denied
ls: cannot open directory '/proc/68/task/68/ns': Permission denied
ls: cannot open directory '/proc/69/fd': Permission denied
ls: cannot open directory '/proc/69/fdinfo': Permission denied
ls: cannot open directory '/proc/69/map_files': Permission denied
ls: cannot open directory '/proc/69/ns': Permission denied
ls: cannot open directory '/proc/69/task/69/fd': Permission denied
ls: cannot open directory '/proc/69/task/69/fdinfo': Permission denied
ls: cannot open directory '/proc/69/task/69/ns': Permission denied
ls: cannot open directory '/proc/7/fd': Permission denied
ls: cannot open directory '/proc/7/fdinfo': Permission denied
ls: cannot open directory '/proc/7/map_files': Permission denied
ls: cannot open directory '/proc/7/ns': Permission denied
ls: cannot open directory '/proc/7/task/7/fd': Permission denied
ls: cannot open directory '/proc/7/task/7/fdinfo': Permission denied
ls: cannot open directory '/proc/7/task/7/ns': Permission denied
ls: cannot open directory '/proc/71/fd': Permission denied
ls: cannot open directory '/proc/71/fdinfo': Permission denied
ls: cannot open directory '/proc/71/map_files': Permission denied
ls: cannot open directory '/proc/71/ns': Permission denied
ls: cannot open directory '/proc/71/task/71/fd': Permission denied
ls: cannot open directory '/proc/71/task/71/fdinfo': Permission denied
ls: cannot open directory '/proc/71/task/71/ns': Permission denied
ls: cannot open directory '/proc/72/fd': Permission denied
ls: cannot open directory '/proc/72/fdinfo': Permission denied
ls: cannot open directory '/proc/72/map_files': Permission denied
ls: cannot open directory '/proc/72/ns': Permission denied
ls: cannot open directory '/proc/72/task/72/fd': Permission denied
ls: cannot open directory '/proc/72/task/72/fdinfo': Permission denied
ls: cannot open directory '/proc/72/task/72/ns': Permission denied
ls: cannot open directory '/proc/73/fd': Permission denied
ls: cannot open directory '/proc/73/fdinfo': Permission denied
ls: cannot open directory '/proc/73/map_files': Permission denied
ls: cannot open directory '/proc/73/ns': Permission denied
ls: cannot open directory '/proc/73/task/73/fd': Permission denied
ls: cannot open directory '/proc/73/task/73/fdinfo': Permission denied
ls: cannot open directory '/proc/73/task/73/ns': Permission denied
ls: cannot open directory '/proc/74/fd': Permission denied
ls: cannot open directory '/proc/74/fdinfo': Permission denied
ls: cannot open directory '/proc/74/map_files': Permission denied
ls: cannot open directory '/proc/74/ns': Permission denied
ls: cannot open directory '/proc/74/task/74/fd': Permission denied
ls: cannot open directory '/proc/74/task/74/fdinfo': Permission denied
ls: cannot open directory '/proc/74/task/74/ns': Permission denied
ls: cannot open directory '/proc/75/fd': Permission denied
ls: cannot open directory '/proc/75/fdinfo': Permission denied
ls: cannot open directory '/proc/75/map_files': Permission denied
ls: cannot open directory '/proc/75/ns': Permission denied
ls: cannot open directory '/proc/75/task/75/fd': Permission denied
ls: cannot open directory '/proc/75/task/75/fdinfo': Permission denied
ls: cannot open directory '/proc/75/task/75/ns': Permission denied
ls: cannot open directory '/proc/754/fd': Permission denied
ls: cannot open directory '/proc/754/fdinfo': Permission denied
ls: cannot open directory '/proc/754/map_files': Permission denied
ls: cannot open directory '/proc/754/ns': Permission denied
ls: cannot open directory '/proc/754/task/754/fd': Permission denied
ls: cannot open directory '/proc/754/task/754/fdinfo': Permission denied
ls: cannot open directory '/proc/754/task/754/ns': Permission denied
ls: cannot open directory '/proc/77/fd': Permission denied
ls: cannot open directory '/proc/77/fdinfo': Permission denied
ls: cannot open directory '/proc/77/map_files': Permission denied
ls: cannot open directory '/proc/77/ns': Permission denied
ls: cannot open directory '/proc/77/task/77/fd': Permission denied
ls: cannot open directory '/proc/77/task/77/fdinfo': Permission denied
ls: cannot open directory '/proc/77/task/77/ns': Permission denied
ls: cannot open directory '/proc/78/fd': Permission denied
ls: cannot open directory '/proc/78/fdinfo': Permission denied
ls: cannot open directory '/proc/78/map_files': Permission denied
ls: cannot open directory '/proc/78/ns': Permission denied
ls: cannot open directory '/proc/78/task/78/fd': Permission denied
ls: cannot open directory '/proc/78/task/78/fdinfo': Permission denied
ls: cannot open directory '/proc/78/task/78/ns': Permission denied
ls: cannot open directory '/proc/79/fd': Permission denied
ls: cannot open directory '/proc/79/fdinfo': Permission denied
ls: cannot open directory '/proc/79/map_files': Permission denied
ls: cannot open directory '/proc/79/ns': Permission denied
ls: cannot open directory '/proc/79/task/79/fd': Permission denied
ls: cannot open directory '/proc/79/task/79/fdinfo': Permission denied
ls: cannot open directory '/proc/79/task/79/ns': Permission denied
ls: cannot open directory '/proc/8/fd': Permission denied
ls: cannot open directory '/proc/8/fdinfo': Permission denied
ls: cannot open directory '/proc/8/map_files': Permission denied
ls: cannot open directory '/proc/8/ns': Permission denied
ls: cannot open directory '/proc/8/task/8/fd': Permission denied
ls: cannot open directory '/proc/8/task/8/fdinfo': Permission denied
ls: cannot open directory '/proc/8/task/8/ns': Permission denied
ls: cannot open directory '/proc/80/fd': Permission denied
ls: cannot open directory '/proc/80/fdinfo': Permission denied
ls: cannot open directory '/proc/80/map_files': Permission denied
ls: cannot open directory '/proc/80/ns': Permission denied
ls: cannot open directory '/proc/80/task/80/fd': Permission denied
ls: cannot open directory '/proc/80/task/80/fdinfo': Permission denied
ls: cannot open directory '/proc/80/task/80/ns': Permission denied
ls: cannot open directory '/proc/81/fd': Permission denied
ls: cannot open directory '/proc/81/fdinfo': Permission denied
ls: cannot open directory '/proc/81/map_files': Permission denied
ls: cannot open directory '/proc/81/ns': Permission denied
ls: cannot open directory '/proc/81/task/81/fd': Permission denied
ls: cannot open directory '/proc/81/task/81/fdinfo': Permission denied
ls: cannot open directory '/proc/81/task/81/ns': Permission denied
ls: cannot open directory '/proc/818/fd': Permission denied
ls: cannot open directory '/proc/818/fdinfo': Permission denied
ls: cannot open directory '/proc/818/map_files': Permission denied
ls: cannot open directory '/proc/818/ns': Permission denied
ls: cannot open directory '/proc/818/task/818/fd': Permission denied
ls: cannot open directory '/proc/818/task/818/fdinfo': Permission denied
ls: cannot open directory '/proc/818/task/818/ns': Permission denied
ls: cannot open directory '/proc/819/fd': Permission denied
ls: cannot open directory '/proc/819/fdinfo': Permission denied
ls: cannot open directory '/proc/819/map_files': Permission denied
ls: cannot open directory '/proc/819/ns': Permission denied
ls: cannot open directory '/proc/819/task/819/fd': Permission denied
ls: cannot open directory '/proc/819/task/819/fdinfo': Permission denied
ls: cannot open directory '/proc/819/task/819/ns': Permission denied
ls: cannot open directory '/proc/820/fd': Permission denied
ls: cannot open directory '/proc/820/fdinfo': Permission denied
ls: cannot open directory '/proc/820/map_files': Permission denied
ls: cannot open directory '/proc/820/ns': Permission denied
ls: cannot open directory '/proc/820/task/820/fd': Permission denied
ls: cannot open directory '/proc/820/task/820/fdinfo': Permission denied
ls: cannot open directory '/proc/820/task/820/ns': Permission denied
ls: cannot open directory '/proc/822/fd': Permission denied
ls: cannot open directory '/proc/822/fdinfo': Permission denied
ls: cannot open directory '/proc/822/map_files': Permission denied
ls: cannot open directory '/proc/822/ns': Permission denied
ls: cannot open directory '/proc/822/task/822/fd': Permission denied
ls: cannot open directory '/proc/822/task/822/fdinfo': Permission denied
ls: cannot open directory '/proc/822/task/822/ns': Permission denied
ls: cannot open directory '/proc/823/fd': Permission denied
ls: cannot open directory '/proc/823/fdinfo': Permission denied
ls: cannot open directory '/proc/823/map_files': Permission denied
ls: cannot open directory '/proc/823/ns': Permission denied
ls: cannot open directory '/proc/823/task/823/fd': Permission denied
ls: cannot open directory '/proc/823/task/823/fdinfo': Permission denied
ls: cannot open directory '/proc/823/task/823/ns': Permission denied
ls: cannot open directory '/proc/824/fd': Permission denied
ls: cannot open directory '/proc/824/fdinfo': Permission denied
ls: cannot open directory '/proc/824/map_files': Permission denied
ls: cannot open directory '/proc/824/ns': Permission denied
ls: cannot open directory '/proc/824/task/824/fd': Permission denied
ls: cannot open directory '/proc/824/task/824/fdinfo': Permission denied
ls: cannot open directory '/proc/824/task/824/ns': Permission denied
ls: cannot open directory '/proc/825/fd': Permission denied
ls: cannot open directory '/proc/825/fdinfo': Permission denied
ls: cannot open directory '/proc/825/map_files': Permission denied
ls: cannot open directory '/proc/825/ns': Permission denied
ls: cannot open directory '/proc/825/task/825/fd': Permission denied
ls: cannot open directory '/proc/825/task/825/fdinfo': Permission denied
ls: cannot open directory '/proc/825/task/825/ns': Permission denied
ls: cannot open directory '/proc/826/fd': Permission denied
ls: cannot open directory '/proc/826/fdinfo': Permission denied
ls: cannot open directory '/proc/826/map_files': Permission denied
ls: cannot open directory '/proc/826/ns': Permission denied
ls: cannot open directory '/proc/826/task/826/fd': Permission denied
ls: cannot open directory '/proc/826/task/826/fdinfo': Permission denied
ls: cannot open directory '/proc/826/task/826/ns': Permission denied
ls: cannot open directory '/proc/828/fd': Permission denied
ls: cannot open directory '/proc/828/fdinfo': Permission denied
ls: cannot open directory '/proc/828/map_files': Permission denied
ls: cannot open directory '/proc/828/ns': Permission denied
ls: cannot open directory '/proc/828/task/828/fd': Permission denied
ls: cannot open directory '/proc/828/task/828/fdinfo': Permission denied
ls: cannot open directory '/proc/828/task/828/ns': Permission denied
ls: cannot open directory '/proc/829/fd': Permission denied
ls: cannot open directory '/proc/829/fdinfo': Permission denied
ls: cannot open directory '/proc/829/map_files': Permission denied
ls: cannot open directory '/proc/829/ns': Permission denied
ls: cannot open directory '/proc/829/task/829/fd': Permission denied
ls: cannot open directory '/proc/829/task/829/fdinfo': Permission denied
ls: cannot open directory '/proc/829/task/829/ns': Permission denied
ls: cannot open directory '/proc/83/fd': Permission denied
ls: cannot open directory '/proc/83/fdinfo': Permission denied
ls: cannot open directory '/proc/83/map_files': Permission denied
ls: cannot open directory '/proc/83/ns': Permission denied
ls: cannot open directory '/proc/83/task/83/fd': Permission denied
ls: cannot open directory '/proc/83/task/83/fdinfo': Permission denied
ls: cannot open directory '/proc/83/task/83/ns': Permission denied
ls: cannot open directory '/proc/83012/fd': Permission denied
ls: cannot open directory '/proc/83012/fdinfo': Permission denied
ls: cannot open directory '/proc/83012/map_files': Permission denied
ls: cannot open directory '/proc/83012/ns': Permission denied
ls: cannot open directory '/proc/83012/task/83012/fd': Permission denied
ls: cannot open directory '/proc/83012/task/83012/fdinfo': Permission denied
ls: cannot open directory '/proc/83012/task/83012/ns': Permission denied
ls: cannot open directory '/proc/832/fd': Permission denied
ls: cannot open directory '/proc/832/fdinfo': Permission denied
ls: cannot open directory '/proc/832/map_files': Permission denied
ls: cannot open directory '/proc/832/ns': Permission denied
ls: cannot open directory '/proc/832/task/832/fd': Permission denied
ls: cannot open directory '/proc/832/task/832/fdinfo': Permission denied
ls: cannot open directory '/proc/832/task/832/ns': Permission denied
ls: cannot open directory '/proc/834/fd': Permission denied
ls: cannot open directory '/proc/834/fdinfo': Permission denied
ls: cannot open directory '/proc/834/map_files': Permission denied
ls: cannot open directory '/proc/834/ns': Permission denied
ls: cannot open directory '/proc/834/task/834/fd': Permission denied
ls: cannot open directory '/proc/834/task/834/fdinfo': Permission denied
ls: cannot open directory '/proc/834/task/834/ns': Permission denied
ls: cannot open directory '/proc/836/fd': Permission denied
ls: cannot open directory '/proc/836/fdinfo': Permission denied
ls: cannot open directory '/proc/836/map_files': Permission denied
ls: cannot open directory '/proc/836/ns': Permission denied
ls: cannot open directory '/proc/836/task/836/fd': Permission denied
ls: cannot open directory '/proc/836/task/836/fdinfo': Permission denied
ls: cannot open directory '/proc/836/task/836/ns': Permission denied
ls: cannot open directory '/proc/837/fd': Permission denied
ls: cannot open directory '/proc/837/fdinfo': Permission denied
ls: cannot open directory '/proc/837/map_files': Permission denied
ls: cannot open directory '/proc/837/ns': Permission denied
ls: cannot open directory '/proc/837/task/837/fd': Permission denied
ls: cannot open directory '/proc/837/task/837/fdinfo': Permission denied
ls: cannot open directory '/proc/837/task/837/ns': Permission denied
ls: cannot open directory '/proc/838/fd': Permission denied
ls: cannot open directory '/proc/838/fdinfo': Permission denied
ls: cannot open directory '/proc/838/map_files': Permission denied
ls: cannot open directory '/proc/838/ns': Permission denied
ls: cannot open directory '/proc/838/task/838/fd': Permission denied
ls: cannot open directory '/proc/838/task/838/fdinfo': Permission denied
ls: cannot open directory '/proc/838/task/838/ns': Permission denied
ls: cannot open directory '/proc/839/fd': Permission denied
ls: cannot open directory '/proc/839/fdinfo': Permission denied
ls: cannot open directory '/proc/839/map_files': Permission denied
ls: cannot open directory '/proc/839/ns': Permission denied
ls: cannot open directory '/proc/839/task/839/fd': Permission denied
ls: cannot open directory '/proc/839/task/839/fdinfo': Permission denied
ls: cannot open directory '/proc/839/task/839/ns': Permission denied
ls: cannot open directory '/proc/84/fd': Permission denied
ls: cannot open directory '/proc/84/fdinfo': Permission denied
ls: cannot open directory '/proc/84/map_files': Permission denied
ls: cannot open directory '/proc/84/ns': Permission denied
ls: cannot open directory '/proc/84/task/84/fd': Permission denied
ls: cannot open directory '/proc/84/task/84/fdinfo': Permission denied
ls: cannot open directory '/proc/84/task/84/ns': Permission denied
ls: cannot open directory '/proc/85/fd': Permission denied
ls: cannot open directory '/proc/85/fdinfo': Permission denied
ls: cannot open directory '/proc/85/map_files': Permission denied
ls: cannot open directory '/proc/85/ns': Permission denied
ls: cannot open directory '/proc/85/task/85/fd': Permission denied
ls: cannot open directory '/proc/85/task/85/fdinfo': Permission denied
ls: cannot open directory '/proc/85/task/85/ns': Permission denied
ls: cannot open directory '/proc/86/fd': Permission denied
ls: cannot open directory '/proc/86/fdinfo': Permission denied
ls: cannot open directory '/proc/86/map_files': Permission denied
ls: cannot open directory '/proc/86/ns': Permission denied
ls: cannot open directory '/proc/86/task/86/fd': Permission denied
ls: cannot open directory '/proc/86/task/86/fdinfo': Permission denied
ls: cannot open directory '/proc/86/task/86/ns': Permission denied
ls: cannot open directory '/proc/87/fd': Permission denied
ls: cannot open directory '/proc/87/fdinfo': Permission denied
ls: cannot open directory '/proc/87/map_files': Permission denied
ls: cannot open directory '/proc/87/ns': Permission denied
ls: cannot open directory '/proc/87/task/87/fd': Permission denied
ls: cannot open directory '/proc/87/task/87/fdinfo': Permission denied
ls: cannot open directory '/proc/87/task/87/ns': Permission denied
ls: cannot open directory '/proc/88420/fd': Permission denied
ls: cannot open directory '/proc/88420/fdinfo': Permission denied
ls: cannot open directory '/proc/88420/map_files': Permission denied
ls: cannot open directory '/proc/88420/ns': Permission denied
ls: cannot open directory '/proc/88420/task/88420/fd': Permission denied
ls: cannot open directory '/proc/88420/task/88420/fdinfo': Permission denied
ls: cannot open directory '/proc/88420/task/88420/ns': Permission denied
ls: cannot open directory '/proc/89/fd': Permission denied
ls: cannot open directory '/proc/89/fdinfo': Permission denied
ls: cannot open directory '/proc/89/map_files': Permission denied
ls: cannot open directory '/proc/89/ns': Permission denied
ls: cannot open directory '/proc/89/task/89/fd': Permission denied
ls: cannot open directory '/proc/89/task/89/fdinfo': Permission denied
ls: cannot open directory '/proc/89/task/89/ns': Permission denied
ls: cannot open directory '/proc/90/fd': Permission denied
ls: cannot open directory '/proc/90/fdinfo': Permission denied
ls: cannot open directory '/proc/90/map_files': Permission denied
ls: cannot open directory '/proc/90/ns': Permission denied
ls: cannot open directory '/proc/90/task/90/fd': Permission denied
ls: cannot open directory '/proc/90/task/90/fdinfo': Permission denied
ls: cannot open directory '/proc/90/task/90/ns': Permission denied
ls: cannot open directory '/proc/903/fd': Permission denied
ls: cannot open directory '/proc/903/fdinfo': Permission denied
ls: cannot open directory '/proc/903/map_files': Permission denied
ls: cannot open directory '/proc/903/ns': Permission denied
ls: cannot open directory '/proc/903/task/903/fd': Permission denied
ls: cannot open directory '/proc/903/task/903/fdinfo': Permission denied
ls: cannot open directory '/proc/903/task/903/ns': Permission denied
ls: cannot open directory '/proc/904/fd': Permission denied
ls: cannot open directory '/proc/904/fdinfo': Permission denied
ls: cannot open directory '/proc/904/map_files': Permission denied
ls: cannot open directory '/proc/904/ns': Permission denied
ls: cannot open directory '/proc/904/task/904/fd': Permission denied
ls: cannot open directory '/proc/904/task/904/fdinfo': Permission denied
ls: cannot open directory '/proc/904/task/904/ns': Permission denied
ls: cannot open directory '/proc/91/fd': Permission denied
ls: cannot open directory '/proc/91/fdinfo': Permission denied
ls: cannot open directory '/proc/91/map_files': Permission denied
ls: cannot open directory '/proc/91/ns': Permission denied
ls: cannot open directory '/proc/91/task/91/fd': Permission denied
ls: cannot open directory '/proc/91/task/91/fdinfo': Permission denied
ls: cannot open directory '/proc/91/task/91/ns': Permission denied
ls: cannot open directory '/proc/91423/fd': Permission denied
ls: cannot open directory '/proc/91423/fdinfo': Permission denied
ls: cannot open directory '/proc/91423/map_files': Permission denied
ls: cannot open directory '/proc/91423/ns': Permission denied
ls: cannot open directory '/proc/91423/task/91423/fd': Permission denied
ls: cannot open directory '/proc/91423/task/91423/fdinfo': Permission denied
ls: cannot open directory '/proc/91423/task/91423/ns': Permission denied
ls: cannot open directory '/proc/92/fd': Permission denied
ls: cannot open directory '/proc/92/fdinfo': Permission denied
ls: cannot open directory '/proc/92/map_files': Permission denied
ls: cannot open directory '/proc/92/ns': Permission denied
ls: cannot open directory '/proc/92/task/92/fd': Permission denied
ls: cannot open directory '/proc/92/task/92/fdinfo': Permission denied
ls: cannot open directory '/proc/92/task/92/ns': Permission denied
ls: cannot open directory '/proc/93/fd': Permission denied
ls: cannot open directory '/proc/93/fdinfo': Permission denied
ls: cannot open directory '/proc/93/map_files': Permission denied
ls: cannot open directory '/proc/93/ns': Permission denied
ls: cannot open directory '/proc/93/task/93/fd': Permission denied
ls: cannot open directory '/proc/93/task/93/fdinfo': Permission denied
ls: cannot open directory '/proc/93/task/93/ns': Permission denied
ls: cannot open directory '/proc/95/fd': Permission denied
ls: cannot open directory '/proc/95/fdinfo': Permission denied
ls: cannot open directory '/proc/95/map_files': Permission denied
ls: cannot open directory '/proc/95/ns': Permission denied
ls: cannot open directory '/proc/95/task/95/fd': Permission denied
ls: cannot open directory '/proc/95/task/95/fdinfo': Permission denied
ls: cannot open directory '/proc/95/task/95/ns': Permission denied
ls: cannot open directory '/proc/95226/fd': Permission denied
ls: cannot open directory '/proc/95226/fdinfo': Permission denied
ls: cannot open directory '/proc/95226/map_files': Permission denied
ls: cannot open directory '/proc/95226/ns': Permission denied
ls: cannot open directory '/proc/95226/task/95226/fd': Permission denied
ls: cannot open directory '/proc/95226/task/95226/fdinfo': Permission denied
ls: cannot open directory '/proc/95226/task/95226/ns': Permission denied
ls: cannot open directory '/proc/95600/fd': Permission denied
ls: cannot open directory '/proc/95600/fdinfo': Permission denied
ls: cannot open directory '/proc/95600/map_files': Permission denied
ls: cannot open directory '/proc/95600/ns': Permission denied
ls: cannot open directory '/proc/95600/task/95600/fd': Permission denied
ls: cannot open directory '/proc/95600/task/95600/fdinfo': Permission denied
ls: cannot open directory '/proc/95600/task/95600/ns': Permission denied
ls: cannot open directory '/proc/96/fd': Permission denied
ls: cannot open directory '/proc/96/fdinfo': Permission denied
ls: cannot open directory '/proc/96/map_files': Permission denied
ls: cannot open directory '/proc/96/ns': Permission denied
ls: cannot open directory '/proc/96/task/96/fd': Permission denied
ls: cannot open directory '/proc/96/task/96/fdinfo': Permission denied
ls: cannot open directory '/proc/96/task/96/ns': Permission denied
ls: cannot open directory '/proc/97/fd': Permission denied
ls: cannot open directory '/proc/97/fdinfo': Permission denied
ls: cannot open directory '/proc/97/map_files': Permission denied
ls: cannot open directory '/proc/97/ns': Permission denied
ls: cannot open directory '/proc/97/task/97/fd': Permission denied
ls: cannot open directory '/proc/97/task/97/fdinfo': Permission denied
ls: cannot open directory '/proc/97/task/97/ns': Permission denied
ls: cannot open directory '/proc/98/fd': Permission denied
ls: cannot open directory '/proc/98/fdinfo': Permission denied
ls: cannot open directory '/proc/98/map_files': Permission denied
ls: cannot open directory '/proc/98/ns': Permission denied
ls: cannot open directory '/proc/98/task/98/fd': Permission denied
ls: cannot open directory '/proc/98/task/98/fdinfo': Permission denied
ls: cannot open directory '/proc/98/task/98/ns': Permission denied
ls: cannot open directory '/proc/99/fd': Permission denied
ls: cannot open directory '/proc/99/fdinfo': Permission denied
ls: cannot open directory '/proc/99/map_files': Permission denied
ls: cannot open directory '/proc/99/ns': Permission denied
ls: cannot open directory '/proc/99/task/99/fd': Permission denied
ls: cannot open directory '/proc/99/task/99/fdinfo': Permission denied
ls: cannot open directory '/proc/99/task/99/ns': Permission denied
ls: cannot open directory '/proc/995/fd': Permission denied
ls: cannot open directory '/proc/995/fdinfo': Permission denied
ls: cannot open directory '/proc/995/map_files': Permission denied
ls: cannot open directory '/proc/995/ns': Permission denied
ls: cannot open directory '/proc/995/task/995/fd': Permission denied
ls: cannot open directory '/proc/995/task/995/fdinfo': Permission denied
ls: cannot open directory '/proc/995/task/995/ns': Permission denied
ls: cannot open directory '/proc/tty/driver': Permission denied
ls: cannot open directory '/root': Permission denied
ls: cannot open directory '/run/cryptsetup': Permission denied
ls: cannot open directory '/run/cups/certs': Permission denied
ls: cannot open directory '/run/initramfs': Permission denied
ls: cannot open directory '/run/libvirt/common': Permission denied
ls: cannot open directory '/run/libvirt/interface': Permission denied
ls: cannot open directory '/run/libvirt/nodedev': Permission denied
ls: cannot open directory '/run/libvirt/nwfilter': Permission denied
ls: cannot open directory '/run/libvirt/nwfilter-binding': Permission denied
ls: cannot open directory '/run/libvirt/qemu/dbus': Permission denied
ls: cannot open directory '/run/libvirt/secrets': Permission denied
ls: cannot open directory '/run/lock/lvm': Permission denied
ls: cannot open directory '/run/lvm': Permission denied
ls: cannot open directory '/run/sddm': Permission denied
ls: cannot open directory '/run/snapd': Permission denied
ls: cannot open directory '/run/sudo': Permission denied
ls: cannot open directory '/run/systemd/inaccessible/dir': Permission denied
ls: cannot open directory '/run/systemd/propagate/accounts-daemon.service': Permission denied
ls: cannot open directory '/run/systemd/propagate/bluetooth.service': Permission denied
ls: cannot open directory '/run/systemd/propagate/colord.service': Permission denied
ls: cannot open directory '/run/systemd/propagate/fwupd.service': Permission denied
ls: cannot open directory '/run/systemd/propagate/ModemManager.service': Permission denied
ls: cannot open directory '/run/systemd/propagate/NetworkManager.service': Permission denied
ls: cannot open directory '/run/systemd/propagate/polkit.service': Permission denied
ls: cannot open directory '/run/systemd/propagate/power-profiles-daemon.service': Permission denied
ls: cannot open directory '/run/systemd/propagate/rtkit-daemon.service': Permission denied
ls: cannot open directory '/run/systemd/propagate/switcheroo-control.service': Permission denied
ls: cannot open directory '/run/systemd/propagate/systemd-logind.service': Permission denied
ls: cannot open directory '/run/systemd/propagate/systemd-resolved.service': Permission denied
ls: cannot open directory '/run/systemd/propagate/systemd-timesyncd.service': Permission denied
ls: cannot open directory '/run/systemd/propagate/systemd-udevd.service': Permission denied
ls: cannot open directory '/run/systemd/propagate/upower.service': Permission denied
ls: cannot open directory '/run/systemd/propagate/virtlogd.service': Permission denied
ls: cannot open directory '/run/systemd/resolve/netif': Permission denied
ls: cannot open directory '/run/udisks2': Permission denied
ls: cannot open directory '/run/user/1000/systemd/inaccessible/dir': Permission denied
ls: cannot open directory '/run/wpa_supplicant': Permission denied
ls: cannot open directory '/snap/core20/2686/etc/ssl/private': Permission denied
ls: cannot open directory '/snap/core20/2686/root': Permission denied
ls: cannot open directory '/snap/core20/2686/var/cache/ldconfig': Permission denied
ls: cannot open directory '/snap/core20/2686/var/cache/private': Permission denied
ls: cannot open directory '/snap/core20/2686/var/lib/private': Permission denied
ls: cannot open directory '/snap/core20/2686/var/lib/snapd/void': Permission denied
ls: cannot open directory '/snap/core20/2717/etc/ssl/private': Permission denied
ls: cannot open directory '/snap/core20/2717/root': Permission denied
ls: cannot open directory '/snap/core20/2717/var/cache/ldconfig': Permission denied
ls: cannot open directory '/snap/core20/2717/var/cache/private': Permission denied
ls: cannot open directory '/snap/core20/2717/var/lib/private': Permission denied
ls: cannot open directory '/snap/core20/2717/var/lib/snapd/void': Permission denied
ls: cannot open directory '/snap/core22/2216/etc/polkit-1/localauthority': Permission denied
ls: cannot open directory '/snap/core22/2216/etc/ssl/private': Permission denied
ls: cannot open directory '/snap/core22/2216/root': Permission denied
ls: cannot open directory '/snap/core22/2216/var/cache/ldconfig': Permission denied
ls: cannot open directory '/snap/core22/2216/var/cache/private': Permission denied
ls: cannot open directory '/snap/core22/2216/var/lib/polkit-1': Permission denied
ls: cannot open directory '/snap/core22/2216/var/lib/private': Permission denied
ls: cannot open directory '/snap/core22/2216/var/lib/snapd/void': Permission denied
ls: cannot open directory '/snap/core22/2292/etc/polkit-1/localauthority': Permission denied
ls: cannot open directory '/snap/core22/2292/etc/ssl/private': Permission denied
ls: cannot open directory '/snap/core22/2292/root': Permission denied
ls: cannot open directory '/snap/core22/2292/var/cache/ldconfig': Permission denied
ls: cannot open directory '/snap/core22/2292/var/cache/private': Permission denied
ls: cannot open directory '/snap/core22/2292/var/lib/polkit-1': Permission denied
ls: cannot open directory '/snap/core22/2292/var/lib/private': Permission denied
ls: cannot open directory '/snap/core22/2292/var/lib/snapd/void': Permission denied
ls: cannot open directory '/snap/core24/1267/etc/credstore': Permission denied
ls: cannot open directory '/snap/core24/1267/etc/credstore.encrypted': Permission denied
ls: cannot open directory '/snap/core24/1267/etc/polkit-1/rules.d': Permission denied
ls: cannot open directory '/snap/core24/1267/etc/ssl/private': Permission denied
ls: cannot open directory '/snap/core24/1267/root': Permission denied
ls: cannot open directory '/snap/core24/1267/run/cryptsetup': Permission denied
ls: cannot open directory '/snap/core24/1267/run/sudo': Permission denied
ls: cannot open directory '/snap/core24/1267/var/cache/ldconfig': Permission denied
ls: cannot open directory '/snap/core24/1267/var/cache/private': Permission denied
ls: cannot open directory '/snap/core24/1267/var/lib/polkit-1': Permission denied
ls: cannot open directory '/snap/core24/1267/var/lib/private': Permission denied
ls: cannot open directory '/snap/core24/1267/var/lib/snapd/void': Permission denied
ls: cannot open directory '/snap/core24/1349/etc/credstore': Permission denied
ls: cannot open directory '/snap/core24/1349/etc/credstore.encrypted': Permission denied
ls: cannot open directory '/snap/core24/1349/etc/polkit-1/rules.d': Permission denied
ls: cannot open directory '/snap/core24/1349/etc/ssl/private': Permission denied
ls: cannot open directory '/snap/core24/1349/root': Permission denied
ls: cannot open directory '/snap/core24/1349/run/cryptsetup': Permission denied
ls: cannot open directory '/snap/core24/1349/run/sudo': Permission denied
ls: cannot open directory '/snap/core24/1349/var/cache/ldconfig': Permission denied
ls: cannot open directory '/snap/core24/1349/var/cache/private': Permission denied
ls: cannot open directory '/snap/core24/1349/var/lib/polkit-1': Permission denied
ls: cannot open directory '/snap/core24/1349/var/lib/private': Permission denied
ls: cannot open directory '/snap/core24/1349/var/lib/snapd/void': Permission denied
ls: cannot open directory '/snap/snapd/25577/var/lib/snapd/void': Permission denied
ls: cannot open directory '/snap/snapd/25935/var/lib/snapd/void': Permission denied
ls: cannot open directory '/sys/fs/bpf': Permission denied
ls: cannot open directory '/sys/fs/pstore': Permission denied
ls: cannot open directory '/sys/kernel/debug': Permission denied
ls: cannot open directory '/sys/kernel/tracing/hwlat_detector': Permission denied
ls: cannot open directory '/sys/kernel/tracing/instances': Permission denied
ls: cannot open directory '/sys/kernel/tracing/options': Permission denied
ls: cannot open directory '/sys/kernel/tracing/osnoise': Permission denied
ls: cannot open directory '/sys/kernel/tracing/per_cpu': Permission denied
ls: cannot open directory '/sys/kernel/tracing/rv': Permission denied
ls: cannot open directory '/sys/kernel/tracing/trace_stat': Permission denied
ls: cannot open directory '/tmp/snap-private-tmp': Permission denied
ls: cannot open directory '/tmp/systemd-private-39da8bac76084c33b79345eea8f0965d-bluetooth.service-EGiSMG': Permission denied
ls: cannot open directory '/tmp/systemd-private-39da8bac76084c33b79345eea8f0965d-colord.service-Cg5kFv': Permission denied
ls: cannot open directory '/tmp/systemd-private-39da8bac76084c33b79345eea8f0965d-fwupd.service-xWOJ9D': Permission denied
ls: cannot open directory '/tmp/systemd-private-39da8bac76084c33b79345eea8f0965d-ModemManager.service-ejV2E0': Permission denied
ls: cannot open directory '/tmp/systemd-private-39da8bac76084c33b79345eea8f0965d-polkit.service-D1s8gC': Permission denied
ls: cannot open directory '/tmp/systemd-private-39da8bac76084c33b79345eea8f0965d-power-profiles-daemon.service-IfC20L': Permission denied
ls: cannot open directory '/tmp/systemd-private-39da8bac76084c33b79345eea8f0965d-switcheroo-control.service-5ytNLZ': Permission denied
ls: cannot open directory '/tmp/systemd-private-39da8bac76084c33b79345eea8f0965d-systemd-logind.service-2ONfqy': Permission denied
ls: cannot open directory '/tmp/systemd-private-39da8bac76084c33b79345eea8f0965d-systemd-resolved.service-Ga5PgF': Permission denied
ls: cannot open directory '/tmp/systemd-private-39da8bac76084c33b79345eea8f0965d-systemd-timesyncd.service-IM9Vwp': Permission denied
ls: cannot open directory '/tmp/systemd-private-39da8bac76084c33b79345eea8f0965d-upower.service-OQIkhc': Permission denied
ls: cannot open directory '/var/cache/apparmor/208b6430.0': Permission denied
ls: cannot open directory '/var/cache/apparmor/8eeb6286.0': Permission denied
ls: cannot open directory '/var/cache/apparmor/baad73a1.0': Permission denied
ls: cannot open directory '/var/cache/apt/archives/partial': Permission denied
ls: cannot open directory '/var/cache/cups': Permission denied
ls: cannot open directory '/var/cache/ldconfig': Permission denied
ls: cannot open directory '/var/cache/libvirt': Permission denied
ls: cannot open directory '/var/cache/private': Permission denied
ls: cannot open directory '/var/lib/AccountsService/users': Permission denied
ls: cannot open directory '/var/lib/apt/lists/partial': Permission denied
ls: cannot open directory '/var/lib/bluetooth': Permission denied
ls: cannot open directory '/var/lib/fwupd/gnupg': Permission denied
ls: cannot open directory '/var/lib/libvirt/boot': Permission denied
ls: cannot open directory '/var/lib/libvirt/images': Permission denied
ls: cannot open directory '/var/lib/libvirt/qemu': Permission denied
ls: cannot open directory '/var/lib/libvirt/sanlock': Permission denied
ls: cannot open directory '/var/lib/machines': Permission denied
ls: cannot open directory '/var/lib/NetworkManager': Permission denied
ls: cannot open directory '/var/lib/polkit-1': Permission denied
ls: cannot open directory '/var/lib/portables': Permission denied
ls: cannot open directory '/var/lib/private': Permission denied
ls: cannot open directory '/var/lib/saned': Permission denied
ls: cannot open directory '/var/lib/sddm': Permission denied
ls: cannot open directory '/var/lib/snapd/cache': Permission denied
ls: cannot open directory '/var/lib/snapd/cookie': Permission denied
ls: cannot open directory '/var/lib/snapd/snapshots': Permission denied
ls: cannot open directory '/var/lib/snapd/void': Permission denied
ls: cannot open directory '/var/lib/swtpm-localca': Permission denied
ls: cannot open directory '/var/lib/ubuntu-advantage/apt-esm/var/lib/apt/lists/partial': Permission denied
ls: cannot open directory '/var/lib/udisks2': Permission denied
ls: cannot open directory '/var/lib/update-notifier/package-data-downloads/partial': Permission denied
ls: cannot open directory '/var/log/private': Permission denied
ls: cannot open directory '/var/log/speech-dispatcher': Permission denied
ls: cannot open directory '/var/spool/cron/crontabs': Permission denied
ls: cannot open directory '/var/spool/cups': Permission denied
ls: cannot open directory '/var/spool/rsyslog': Permission denied
ls: cannot open directory '/var/tmp/systemd-private-39da8bac76084c33b79345eea8f0965d-bluetooth.service-ydrYcu': Permission denied
ls: cannot open directory '/var/tmp/systemd-private-39da8bac76084c33b79345eea8f0965d-colord.service-AkmIr4': Permission denied
ls: cannot open directory '/var/tmp/systemd-private-39da8bac76084c33b79345eea8f0965d-fwupd.service-Im4mPP': Permission denied
ls: cannot open directory '/var/tmp/systemd-private-39da8bac76084c33b79345eea8f0965d-ModemManager.service-VJH69U': Permission denied
ls: cannot open directory '/var/tmp/systemd-private-39da8bac76084c33b79345eea8f0965d-polkit.service-hVUqOa': Permission denied
ls: cannot open directory '/var/tmp/systemd-private-39da8bac76084c33b79345eea8f0965d-power-profiles-daemon.service-AcuIAl': Permission denied
ls: cannot open directory '/var/tmp/systemd-private-39da8bac76084c33b79345eea8f0965d-switcheroo-control.service-JWrVSx': Permission denied
ls: cannot open directory '/var/tmp/systemd-private-39da8bac76084c33b79345eea8f0965d-systemd-logind.service-uRwvVh': Permission denied
ls: cannot open directory '/var/tmp/systemd-private-39da8bac76084c33b79345eea8f0965d-systemd-resolved.service-BlkKZP': Permission denied
ls: cannot open directory '/var/tmp/systemd-private-39da8bac76084c33b79345eea8f0965d-systemd-timesyncd.service-73vV2i': Permission denied
ls: cannot open directory '/var/tmp/systemd-private-39da8bac76084c33b79345eea8f0965d-upower.service-vj1V8Q': Permission denied
